id,name_en,name_gr,university,university_gr,department,city,topics,languages,ects,semesters,tuition,study_modes,email,scholarship,university_image_url,programme_url,open_date,deadline,intake,apply_url,application_status,notes,portal,requires_login,found,found_in_announcement,scrape_status,pass2_status,scraped_at
1501,"MA in Southeast European Studies: Politics, History, Economics","Σπουδές Νοτιοανατολικής Ευρώπης: Πολιτική, Ιστορία, Οικονομικά",,,,Athens,{politics},{english},75,,EUR 3600,{in_person},postgrad_SEE@pspa.uoa.gr,no,,https://see.pspa.uoa.gr/,,,,,not_mentioned,,,,no,,ok,skipped,2026-06-26T13:20:26.959884+00:00
1187,MSc in Financial Management,ΠΜΣ στη Χρηματοοικονομική Διοίκηση,,,,Athens,"{economics_management,humanities}",{english},75,,EUR 6200-6400,{in_person},master.fm@aueb.gr,no,,https://www.dept.aueb.gr/msc-fm,Friday April 3 rd 2026,"Friday April 3 rd 2026, Tuesday June 30th 2026",September 2026,https://e-graduate.applications.aueb.gr/?lang=en_US,open,"The program has a rolling admissions procedure conducted in two rounds with deadlines on April 3, 2026, and June 30, 2026.",,,yes,https://www.dept.aueb.gr/el/MSc-FM/news/applications-now-open-intake-september-2026,ok,ok,2026-06-26T13:19:49.778493+00:00
1182,"MSc in International Shipping, Finance and Management","Δ.Π.Μ.Σ. Διεθνής Ναυτιλία, Χρηματοοικονομική και Διοίκηση",,,,Athens,"{economics_management,science_and_engineering}",{english},75,,EUR 7600,{in_person},msc.isfm@aueb.gr,no,,https://www.dept.aueb.gr/msc-isfm,,30-03-2026,September 2026,https://e-graduate.applications.aueb.gr/?lang=en_GR,open,Application deadline extended; open for September 2026 intake.,,,yes,,ok,skipped,2026-06-26T13:19:45.899288+00:00
20,BSc in Accounting and Finance,ΞΠΠΣ στη Λογιστική και Χρηματοοικονομική,,,,Thessaloniki,{economics_management},{english},240,,EUR 5900,"{in_person,remotely}",info.accfin@uom.edu.gr,no,,https://accfinbsc.com/,15th of September 2026,15th of September 2026,,https://docs.google.com/forms/d/e/1FAIpQLSeoOKGhBwNPBqHS_kcRNpUj9pFdLowngtIWC9xtvi3GmWUCRw/viewform,open,"The application deadline and open date are the same, suggesting applications are currently open for entry in 2026.",,,yes,https://accfinbsc.com/call-for-applications-2026/,ok,skipped,2026-06-26T13:19:52.499750+00:00
1552,Livestock and Wildlife Management,Ολοκληρωμένη διαχείριση παραγωγικών ζώων και άγριας πανίδας,,,,Florina,"{agriculture,environmental_sciences}","{greek,english}",120,,EUR 2200,{remotely},lwm@uowm.gr,no,,https://lwm.uowm.gr/,02/06/2026,13/02/2026,,https://lwm.uowm.gr/%ce%af%cf%84%ce%b7%cf%83%ce%b7-%ce%b5%ce%b3%ce%b3%cf%81%ce%b1%cf%86%ce%ae%cf%82/,closed,,,,yes,,ok,skipped,2026-06-26T13:19:57.557298+00:00
1786,Food Quality Control,Ποιοτικός Έλεγχος Τροφίμων,,,,Kozani,"{technology,agriculture}","{english,greek}",90,,EUR 3200,"{in_person,remotely}",grad-food@uowm.gr,no,,https://fqc.chemeng.uowm.gr/en/home-page/,,,,,not_mentioned,,,,no,,ok,skipped,2026-06-26T13:20:47.013299+00:00
1485,MSc in Host-Microbe Interaction,MSc in Host-Microbe Interaction,,,,Volos,"{environmental_sciences,agriculture}",{english},75,,EUR 3600,"{in_person,remotely}",hosmic@uth.gr,no,,https://hosmic.uth.gr/,,,,https://hosmic.uth.gr/registration/,not_mentioned,,,,no,,ok,ok,2026-06-26T13:20:01.222943+00:00
1363,Human Rights and Migration Studies,Ανθρώπινα Δικαιώματα και Μεταναστευτικές Σπουδές,,,,Thessaloniki,"{social_sciences,law_sciences}",{english},90,,EUR 3600,{in_person},hurmis@uom.edu.gr,no,,https://www.uom.gr/en/hurmis,1 April 2026,10 September 2026,October 2026,https://www.uom.gr/hurmis/entypa,open,Applications open from 1 April 2026 and close on 10 September 2026. The courses start on 12 October 2026. The application process is ongoing within the specified periods.,,,yes,https://www.uom.gr/en/19612-call-for-applications-for-the-master-s-in-human-rights-and-migration-studies-for-the-academic-year-2026-2027,ok,skipped,2026-06-26T13:20:08.547738+00:00
1690,Financial Technology (FinTech),Χρηματοοικονομική Τεχνολογία (FinTech),,,,Pireaus,{economics_management},{english},90,,EUR 7000,"{in_person,remotely}",xrh-secr@unipi.gr,no,,https://bankfin.unipi.gr/mscfintech/en/home/,"until Thursday, July 18, 2025","July 18, 2025",Summer 2025,https://bankfin.unipi.gr/mscfintech/en/apply-en/,open,"Applications are open until July 18, 2025.",,,yes,,ok,skipped,2026-06-26T13:20:18.692421+00:00
1504,MSc in Advanced Experimental and Computational Biosciences,Προηγμένες Πειραματικές και Υπολογιστικές Βιοεπιστήμες,,,,Larissa,"{health,environmental_sciences}",{english},120,,EUR 4000,{remotely},aec@uth.gr,no,,http://aec.bio.uth.gr/,"Jul 31, 2023","rolling basis, until maximum 26 candidates are admitted or unspecified, no specific deadline mentioned",Academic Year 2025-2026,https://aec.bio.uth.gr/application-form/,open,Applications are now open for the academic year 2025-2026 and will be processed on a rolling basis or until the maximum number is reached.,,,yes,,ok,ok,2026-06-26T13:20:53.124054+00:00
1075,Molecular Biology-Biomedicine,Μοριακή Βιολογία-Βιοϊατρική,,,,Heraklion,"{health,science_and_engineering}","{greek,english}",120,,Free,{in_person},bervan@biology.uoc.gr,no,,https://msc-mbb.gr/index.php/en/,,,,,not_mentioned,,,,no,,ok,skipped,2026-06-26T13:21:06.026613+00:00
1395,Athens International Program in Neurosciences,ΔΠΜΣ στις Νευροεπιστήμες,,,,Athens,"{science_and_engineering,health}",{english},120,,EUR 4000,{in_person},masterneuro@biol.uoa.gr,no,,https://masterneuroscience.gr/,,,Academic Year 2024-2025,,not_mentioned,,,,no,,ok,skipped,2026-06-26T13:21:06.331143+00:00
1699,Immunobiology,Ανοσοβιολογία,,,,Heraklion,"{science_and_engineering,health}",{english},120,,EUR 4000,{in_person},bio-grads@uoc.gr,no,,https://mscs.uoc.gr/immunobio,,4th of May 2026,,,closed,New Deadline: 4th of May 2026 (23.59 local time),,,yes,,ok,skipped,2026-06-26T13:21:00.093172+00:00
1077,"Erasmus Mundus Joint Master Degree in Aquaculture, Environment and Society Plus ACES +","Υδατοκαλλιέργεια, Περιβάλλον και Κοινωνία - Erasmus Mundus",,,,Heraklion,"{environmental_sciences,agriculture}",{english},120,,EUR 5000,{in_person},postgrad.secr@uoc.gr,no,,https://www.emm-aces.org/,2026-04-16T14:47:10+00:00,,,https://www.uhi.ac.uk/en/courses/msc-aquaculture-environment-and-society/,closed,The application process is currently closed with the message that applications are now closed and that updates for the 2027 intake will be available in October.,,,yes,,ok,ok,2026-06-26T13:21:08.323196+00:00
1544,Biomedical Engineering and Technology,Βιοϊατρική Μηχανική και Τεχνολογία,,,,Athens,{technology},{english},90,,EUR 2000,"{remotely,in_person}",bmet.msc@uniwa.gr,no,,https://bmet.uniwa.gr/,01 April 2026,31 May 2026,October 2026,,open,,,,yes,,ok,skipped,2026-06-26T13:21:11.700658+00:00
1808,Advanced Aesthetics and Cosmetic Science: Development-Quality Control and Safety of new cosmetic products,Προχωρημένη Αισθητική και Κοσμητολογία: Ανάπτυξη-Ποιοτικός Έλεγχος και Ασφάλεια Νέων Καλλυντικών Προϊόντων,,,,Athens,{health},{english},90,,EUR 2900,{in_person},aesthcosm@uniwa.gr,no,,https://msc-aesthcosm.uniwa.gr/en/homepage/,24 Ιούν 2026,18:42 / Ανανέωση / 24 Ιούν 2026,,,coming_soon,"The application open date is June 24, 2026, and the first related deadline indicated is also on this date, suggesting upcoming admissions for the next cycle. No specific application deadline after that is provided, so it is marked as 'coming_soon'.",,,yes,,ok,skipped,2026-06-26T13:21:34.405156+00:00
1635,Marine Biotechnology,Θαλάσσια Βιοτεχνολογία,,,,Athens,"{agriculture,science_and_engineering}",{english},120,,EUR 5000-9000,{in_person},vera.charitou@aua.gr,no,,https://www.eu-conexus.eu/en/marine-biotechnology/,1 December 2025,30 April 2026,,,not_mentioned,,,,yes,,ok,skipped,2026-06-26T13:21:16.001238+00:00
1717,BA in Applied Philosophy in Business Decision Making,BA in Applied Philosophy in Business Decision Making,,,,Athens,"{economics_management,social_sciences}",{english},240,,EUR 6000,{in_person},philosophy-business@uniwa.gr,no,,https://philosophy-business.uniwa.gr/,,,,,not_mentioned,,,,no,,ok,skipped,2026-06-26T13:22:44.769791+00:00
1718,International Business and Technology,International Business and Technology,,,,Athens,"{economics_management,technology}",{english},240,,EUR 6000,{in_person},ibt@aueb.gr,no,,https://ibt.aueb.gr/,,,,,not_mentioned,,,,no,,ok,skipped,2026-06-26T13:22:08.305420+00:00
1669,Biological Inorganic Chemistry,Ανόργανη Βιολογική Χημεία,,,,Ioannina,{science_and_engineering},{english},90,,Free,"{in_person,remotely}",shadjika@uoi.gr,no,,https://bic.chem.uoi.gr/Master/BIC-En/index-en.html,,,,,not_mentioned,,,,no,,ok,skipped,2026-06-26T13:22:01.852176+00:00
1028,MSc in Oil and Gas Technology,Τεχνολογία Πετρελαίου και Φυσικού Αερίου,,,,Kavala,{technology},{english},90,,EUR 3850,"{in_person,remotely}",mscpet@chem.duth.gr,no,,https://mscpet.chem.duth.gr/,2025-08-26,"30th of June, 27th of September",Fall 2025,https://mscpet.chem.duth.gr/apply/,open,"Early and late application sessions, tuition fees, and visa information provided.",,,yes,,ok,skipped,2026-06-26T13:22:07.967655+00:00
1388,MSc in Media and Refugee/Migration Flows,Μέσα Επικοινωνίας και Προσφυγικές/Μεταναστευτικές Ροές,,,,Athens,"{social_sciences,humanities}",{english},75,,EUR 3200-7000,"{in_person,remotely}",migromedia@media.uoa.gr,no,,https://migromedia.gr/,24/08/2026,14/09/2026,Academic Year 2026-2027,https://www.migromedia.gr/application-form,open,Applications are open until 24/08/2026 for non-EU/EEA applicants and until 14/09/2026 for EU/EEA applicants for the MSc in Media and Refugee/Migration Flows for the academic year 2026-2027.,,,yes,https://www.migromedia.gr/newsandevents,ok,skipped,2026-06-26T13:22:12.355711+00:00
1456,"MSc in Immersive Technologies - Innovation in Education, Training and Game Design (IMT)","Τεχνολογίες Εμβύθισης - Καινοτομία στην Εκπαίδευση, την Επιμόρφωση και το Σχεδιασμό Παιχνιδιών",,,,Kavala,"{technology,education_sciences}",{english},75,,EUR 4000,{remotely},imt@cs.ihu.gr,no,,https://imt.cs.duth.gr/,5 Ιουν 2026 12:02,Τρίτη 10 Σεπτεμβρίου 2026,2026-2027,https://aimt.cs.duth.gr/open_enrollment.xhtml,open,"Extension of application deadline until September 26, 2025; the deadline is from a 2025 date, but the intake semester refers to 2026-2027.",custom,true,yes,,ok,ok,2026-06-26T13:22:21.392826+00:00
964,Computer Science and Engineering,Επιστήμη και Μηχανική Υπολογιστών,,,,Heraklion,{science_and_engineering},{english},120,,Free,{in_person},pgram@csd.uoc.gr,no,,http://www.csd.uoc.gr/CSD/index.jsp?content=moc&openmenu=demoAcc4&lang=en,,,,,not_mentioned,,,,no,,ok,skipped,2026-06-26T13:22:53.907058+00:00
1716,"BA in Creative Writing, Arts and Humanities","BA in Creative Writing, Arts and Humanities",,,,Florina,"{arts,humanities}",{english},240,,EUR 5000,{remotely},cwah@uowm.gr,no,,https://cwah.uowm.gr/,,,,,not_mentioned,,,,no,,ok,skipped,2026-06-26T13:24:08.636633+00:00
1584,Economic Theory and Policy,Οικονομική Θεωρία και Πολιτική,,,,Rethymno,{economics_management},"{greek,english}",90,,Free,{remotely},info@econ.soc.uoc.gr,no,,https://economics.soc.uoc.gr/en/course/2/msc-in-economic-theory-and-policy,,"June 7, 2024",,https://economics.soc.uoc.gr/en/page/2/28/apply-to-the-msc-in-economic-theory-and-policy,not_mentioned,"The online application system is available until June 7, 2024, which is outside the specified date range (2026 or later). Therefore, no relevant upcoming open or deadline date from 2026 or later is provided.",custom,true,yes,,ok,ok,2026-06-26T13:22:49.213047+00:00
1514,MSc in Economics,Οικονομική Επιστήμη,,,,Athens,{economics_management},{english},90,,EUR 2500,{in_person},post.econ@aueb.gr,no,,https://www.dept.aueb.gr/en/gradecon,18/2/2026,30/6/2026,September 2026,https://e-graduate.applications.aueb.gr/?lang=en_US,open,Evaluation of applicants and admission offers are made throughout the application period and in order of priority.,,,yes,,ok,skipped,2026-06-26T13:22:55.014674+00:00
12,BSc in Economics and Sustainable Development,BSc in Economics and Sustainable Development,,,,Kastoria,"{economics_management,environmental_sciences}",{english},240,,EUR 6000,{in_person},sdg@uowm.gr,no,,https://sdg.uowm.gr/,23/2/2026,5/6/2026,Spring 2026,,not_mentioned,,,,yes,,ok,skipped,2026-06-26T13:22:57.048525+00:00
1788,MBA in Business Economics and Artificial Intelligence,MBA στα Οικονομικά της Διοίκησης και την Τεχνητή Νοημοσύνη,,,,Kozani,"{economics_management,technology}","{english,greek}",90,,EUR 3600,{remotely},mba@uowm.gr,no,,https://mba.uowm.gr/,11/12/2025,,Academic Year 2025-26,,not_mentioned,,,,yes,,ok,skipped,2026-06-26T13:23:05.879851+00:00
1400,"MSc in Sustainable Tourism Development: Heritage, Environment, Society","Ανάπτυξη Αειφόρου Τουρισμού: Πολιτισμική Κληρονομιά, Περιβάλλον, Κοινωνία",,,,Athens,"{social_sciences,tourism_studies,economics_management,environmental_sciences,arts}",{english},60,,EUR 4253,{in_person},tourher@hua.gr,no,,https://www.tourismheritage.hua.gr/,2026-06-01,"applications accepted until June 30, 2026",Fall 2026,https://forms.gle/bDMgJq3th4d4Pyvs7,open,"The application open date is 1 June 2026, with a deadline of 30 June 2026. The program starts in Fall 2026. The application is currently open.",,,yes,,ok,skipped,2026-06-26T13:23:00.450104+00:00
996,Higher Education Policy: Theory and Praxis,Πολιτική Ανώτατης Εκπαίδευσης: Θεωρία και Πράξη,,,,Patra,"{social_sciences,humanities}",{english},60,,EUR 3000,{remotely},mahep@upatras.gr,no,,https://mahep.upatras.gr/en/,2026–2027,,Academic Year 2026–27,https://www.edu-sw.upatras.gr/wp-content/uploads/%CF%80%CF%81%CE%BF%CE%BA%CE%AE%CF%81%CF%85%CE%BE%CE%B7-mahep-2026-2027.pdf,not_mentioned,"The application open date and academic year are specified as 2026–2027, but the exact deadline or closing date is not provided.",,,yes,,ok,ok,2026-06-26T13:23:21.915403+00:00
1470,MSc in Quantum Computing and Quantum Technologies,Κβαντική Υπολογιστική και Κβαντικές Τεχνολογίες,,,,Xanthi,"{technology,science_and_engineering}",{english},90,,EUR 4500,{remotely},ptrianta@admin.duth.gr,no,,https://quantum.ee.duth.gr/,,"Monday, June 15, 2026",,,closed,"Close: Monday, June 15, 2026",,,yes,,ok,skipped,2026-06-26T13:23:08.740694+00:00
1387,MSc in Informatics Engineering,Μηχανικών Πληροφορικής,,,,Heraklion,"{science_and_engineering,technology}","{english,greek}",90,,Free,{in_person},secrmsc-im@hmu.gr,no,,https://www.hmu.gr/mscie/,4 June 2026,https://mscie.hmu.gr/prosklisi-ekdilosis-endiaferontos-p-m-s-michanikon-pliroforikis-gia-to-akadimaiko-etos-2026-2027-2/,Winter semester 2026-2027,https://morpheus.hmu.gr/application/new/1597,open,"The program accepts up to 25 candidates for the academic year 2026-2027. The application period opens on 4 June 2026 and the deadline is linked in the provided URL. The program is specifically for students from EU countries and involves participation in teaching activities, with opportunities for double degrees and recognition from national authorities.",,,yes,,ok,skipped,2026-06-26T13:23:15.296954+00:00
1236,Human - Computer Interaction,Αλληλεπίδραση Ανθρώπου – Υπολογιστή,,,,Patra,"{science_and_engineering,technology}",{english},90,,Free,{in_person},ecegraduate@upatras.gr,no,,http://hcimaster.upatras.gr/,2026-05-25,2026-06-05,,,not_mentioned,"The application open date is around May 25, 2026, and the deadline is June 5, 2026. No specific application button URL is provided.",,,yes,https://hcimaster.upatras.gr/%ce%b1%ce%bd%ce%b1%ce%ba%ce%bf%ce%af%ce%bd%cf%89%cf%83%ce%b7-%cf%85%cf%80%ce%bf%cf%87%cf%81%ce%b5%cf%89%cf%84%ce%b9%ce%ba%cf%8c-%cf%83%ce%b5%ce%bc%ce%b9%ce%bd%ce%ac%cf%81%ce%b9%ce%bf-%cf%85/,ok,skipped,2026-06-26T13:23:22.675076+00:00
1772,Advanced Information Technologies and Services,Προηγμένες Τεχνολογίες Πληροφορικής και Υπηρεσίες,,,,Kozani,{technology},"{english,greek}",90,,EUR 2880,{remotely},msc-inf@uowm.gr,no,,https://msc.cs.uowm.gr/en/,10/10/2025,20/09/2026,Fall 2026,https://msc.cs.uowm.gr/en/anakoinosi-prokiryxis-gia-to-akadimaikos-etos-2025-2026/,open,"The application deadline seems to be 20/09/2026, with the open date being 10/10/2025. The application status is indicated as open.",,,yes,https://msc.cs.uowm.gr/en/%ce%b1%ce%bd%ce%b1%ce%ba%ce%bf%ce%af%ce%bd%cf%89%cf%83%ce%b7-%cf%80%ce%b1%cf%81%ce%ac%cf%84%ce%b1%cf%83%ce%b7%cf%82-%cf%85%cf%80%ce%bf%ce%b2%ce%bf%ce%bb%ce%ae%cf%82-%ce%b1%ce%b9%cf%84%ce%ae%cf%83-2/,ok,skipped,2026-06-26T13:23:35.305795+00:00
7,Technological & Management Advances on Intelligent Transportation Electrification Systems,Σύγχρονες Τεχνολογίες & Διαχείριση Ευφυών Εξηλεκτρισμένων Συστημάτων Μεταφορών,,,,Xanthi,"{technology,science_and_engineering,environmental_sciences}",{english},90,,EUR 4500,{remotely},tmaites@ee.duth.gr,no,,https://tmaites.ee.duth.gr/,,"September 25, 2026",,,open,,,,yes,,ok,skipped,2026-06-26T13:23:26.499797+00:00
957,Research in Electrical and Electronics Engineering,Ηλεκτρικές και Ηλεκτρονικές Επιστήμες μέσω Έρευνας,,,,Athens,"{technology,science_and_engineering}","{greek,english}",90,,EUR 3000,{in_person},mscres@uniwa.gr,no,,https://mres.eee.uniwa.gr/,,,,,not_mentioned,,,,no,,ok,skipped,2026-06-26T13:24:10.183762+00:00
1494,MSc in Artificial Intelligence and Deep Learning,Τεχνητή Νοημοσύνη και Βαθιά Μάθηση,,,,Athens,{technology},{english},90,,EUR 3000,"{in_person,remotely}",aidl@uniwa.gr,no,,https://aidl.uniwa.gr/,,"September 22nd, 2025 extended submission date",Spring semester 2025-26 (Mar. 2026),https://aidl.uniwa.gr/applications/,coming_soon,"Deadline: September 22nd, 2025 extended submission date",,,yes,,ok,skipped,2026-06-26T13:24:03.939742+00:00
1952,European Master on Embedded Intelligence Nanosystems Engineering (EMINENT),Ευρωπαϊκό Μεταπτυχιακό στη Μηχανική Ενσωματωμένης Νοημοσύνης Νανοσυστημάτων (EMINENT),,,,Heraklion,{science_and_engineering},{english},120,,Free,{in_person},eminent@uni-siegen.de,no,,https://eminent-master.eu/,,1st of March 2026,,,open,,,,yes,,ok,skipped,2026-06-26T13:24:07.212523+00:00
1516,"MSc in Lasers, Plasma & Applications","Lasers, Πλάσμα και Εφαρμογές",,,,Rethymno,"{science_and_engineering,technology}",{english},90,,Free,"{in_person,remotely}",secretariat-elc@hmu.gr,no,,https://ee.hmu.gr/en/postgraduate/msc-lasers-plasma-applications-lapla/,06/07/2026,Έως 31/08/2026,Fall 2026,,not_mentioned,"Αναφορές στις αιτήσεις και προθεσμίες των μεταπτυχιακών προγραμμάτων, καθώς και συγκεκριμένες ημερομηνίες διεθνών εκδηλώσεων και εξετάσεων που σχετίζονται με το εκπαιδευτικό πρόγραμμα",,,yes,,ok,skipped,2026-06-26T13:24:29.409721+00:00
1499,MA in English Studies: Literature and Culture,Αγγλικές Σπουδές: Λογοτεχνία και Πολιτισμός,,,,Athens,{humanities},{english},90,,Free,{in_person},skarag@enl.uoa.gr,no,,https://www.enl.uoa.gr/metaptychiakes_spoydes/agglikes_spoydes_logotechnia_kai_politismos,,,,,not_mentioned,,,,no,,ok,skipped,2026-06-26T13:25:00.527856+00:00
1215,"MA in English Language, Linguistics and Translation","Αγγλική Γλώσσα, Γλωσσολογία και Μετάφραση",,,,Athens,{humanities},{english},90,,Free,{in_person},secr@enl.uoa.gr,no,,https://en.enl.uoa.gr/,01/06/2026,01/06/2026,2026-2028 cycle,,open,"Applications are open for the MA in Translation: The Intelligence Turn (2026-2028 cycle), with dates specified on 01/06/2026.",,,yes,,ok,skipped,2026-06-26T13:24:16.326780+00:00
1505,"MSc in Environmental Sciences, Policy and Management","Περιβαλλοντική Επιστήμη, Πολιτική και Διαχείριση",,,,Mytilene,{environmental_sciences},{english},120,,EUR 16000-36000,{in_person},hkaragianni@aegean.gr,no,,https://mespom.eu/,"January 7, 2026","January 7, 2026",,,open,Applications are open for 2026-2028!,,,yes,,ok,skipped,2026-06-26T13:24:19.690123+00:00
1502,"MSc in Global Environmental Change, Management and Technology","Πλανητική Περιβαλλοντική Αλλαγή, Διαχείριση και Τεχνολογία",,,,Mytilene,"{environmental_sciences,science_and_engineering}","{english,greek}",90,,EUR 1700,"{in_person,remotely}",mscglobalchange@env.aegean.gr,no,,https://msc.env.aegean.gr/%cf%80%cf%81%cf%8c%ce%b3%cf%81%ce%b1%ce%bc%ce%bc%ce%b1-%ce%bc%ce%b5%cf%84%ce%b1%cf%80%cf%84%cf%85%cf%87%ce%b9%ce%b1%ce%ba%cf%8e%ce%bd-%cf%83%cf%80%ce%bf%cf%85%ce%b4%cf%8e%ce%bd-%cf%83%cf%84%ce%b7/,,,,,not_mentioned,,,,no,,ok,skipped,2026-06-26T13:25:14.790963+00:00
1347,Environmental Engineering and Science,Περιβαλλοντική Μηχανική και Επιστήμη,,,,Xanthi,"{environmental_sciences,technology}",{english},90,,EUR 2250,{remotely},secrpg@env.duth.gr,no,,https://pmemaster.env.duth.gr/,10 Ιουλίου 2026,10 Ιουλίου 2026 και 1 Οκτωβρίου 2026,October 2026,https://pmemaster.env.duth.gr/wp-content/uploads/2026/05/αίτηση-2026-2027.docx,open,Προθεσμία υποβολής αιτήσεων είναι η 10 Ιουλίου 2026 και η 1 Οκτωβρίου 2026. Η έναρξη μαθημάτων πλανάται στο δεύτερο δεκαπενθήμερο του Οκτωβρίου 2026.,,,yes,https://pmemaster.env.duth.gr/%cf%80%cf%81%ce%bf%ce%ba%ce%ae%cf%81%cf%85%ce%be%ce%b7/,ok,skipped,2026-06-26T13:24:38.582338+00:00
1567,Islands and Sustainability,Islands and Sustainability,,,,Mytilene,{environmental_sciences},{english},120,,EUR 9000-18000,{in_person},islands@rug.nl,no,,https://islandsmaster.eu/,15 November 2025,"May 1st, 2026",September 2026,https://islandsmaster.eu/application-form/,open,"Final extended application deadline for September 2026: May 1st, 2026.",,,yes,,ok,skipped,2026-06-26T13:24:44.299413+00:00
1591,Industrial and Environmental Applications in Micropaleontology (IdEA-M),Ενεργειακές και Περιβαλλοντικές Eφαρμογές στη Μικροπαλαιοντολογία,,,,Athens,{environmental_sciences},{english},90,,EUR 3000-5000,{in_person},secr@geol.uoa.gr,no,,https://idea-m.com/,from 20/1/2026,,2026-27,https://idea-m.com/index.php/postgraduate-program-application/,coming_soon,Applications for the academic year 2026-27 will open from 20/1/2026.,,,yes,,ok,ok,2026-06-26T13:24:50.392445+00:00
1580,Geographic Information Systems,Γεωγραφικά Συστήματα Πληροφοριών,,,,Athens,"{science_and_engineering,technology,environmental_sciences}",{english},120,,EUR 5000,{remotely},gis@geol.uoa.gr,no,,https://gis.geol.uoa.gr/,26/05/2026,26/05/2026,Academic Year 2026-2027,https://fileadmin/depts/geol.uoa.gr/gis/uploads/MSc_GIS_APPLICATION-FORM-2025-2026.docx,open,"Application deadline and open date are the same, indicating the application process is currently open.",,,yes,,ok,skipped,2026-06-26T13:24:55.072981+00:00
1233,MA in Greek and Eastern Mediterranean Archaeology: From the Bronze Age Palaces to the Hellenistic Kingdoms,Αρχαιολογία της Ελλάδας και της Ανατολικής Μεσογείου: από τα Ανάκτορα της Εποχής του Χαλκού έως και τα Ελληνιστικά Βασίλεια,,,,Athens,{humanities},{english},75,,EUR 6000,{in_person},meditarch@arch.uoa.gr,no,,https://meditarch.arch.uoa.gr/,,,,,not_mentioned,,,,no,,ok,skipped,2026-06-26T13:25:34.831839+00:00
1700,MSc in Archaeological Science,Αρχαιολογία και Γεωεπιστήμες,,,,Athens,"{humanities,science_and_engineering}",{english},90,,EUR 6000,{in_person},archaeoscience@arch.uoa.gr,no,,http://archaeoscience.arch.uoa.gr/,16 February 2026,"31 March 2026, 12 July 2026",2026-27,,open,,,,yes,http://archaeoscience.arch.uoa.gr/admission/application_periods,ok,skipped,2026-06-26T13:25:08.724823+00:00
1600,MA Program in Ottoman History,Οθωμανική Ιστορία,,,,Rethymno,{humanities},{english},120,,Free,{in_person},tzanoudaki@uoc.gr,no,,http://www.history-archaeology.uoc.gr/en/graduate-studies/programs-of-post-graduate-studies/joint-english-language-m-a-program-in-ottoman/,13/3/2026,13/3/2026,,,open,,,,yes,,ok,skipped,2026-06-26T13:25:11.101022+00:00
1701,MSc in Digital Humanities,Ψηφιακές Ανθρωπιστικές Επιστήμες,,,,Athens,"{humanities,technology}",{english},90,,EUR 4000,{in_person},dh@uoa.gr,no,,https://dh.arch.uoa.gr/,11/05/2026,31/07/2025,,,closed,"The application open date is May 11, 2026, and the deadline was July 31, 2025. Since the deadline is before June 2026, the application is considered closed. No current apply button URL found.",,,yes,,ok,skipped,2026-06-26T13:25:23.092547+00:00
1689,MA in Adriatic Studies,Adriatic Studies,,,,Corfu,{humanities},{english},120,,EUR 3600,{remotely},adriatic@ionio.gr,no,,https://www.adriatic.history.ionio.gr/,,"June 30, 2026",,,open,"Applications accepted until June 30, 2026",,,yes,,ok,skipped,2026-06-26T13:25:17.255898+00:00
1667,Logic,Λογική,,,,Athens,"{science_and_engineering,humanities}",{english},120,,EUR 3000-6000,{in_person},logic@phs.uoa.gr,no,,https://logicmaster.phs.uoa.gr/,,"July 5, 2026",Academic Year 2026–27,,open,,,,yes,,ok,skipped,2026-06-26T13:25:25.560149+00:00
1574,The Athens MA in Ancient Philosophy,The Athens MA in Ancient Philosophy,,,,Athens,{humanities},{english},75,,EUR 3000,{in_person},AthensMA@phs.uoa.gr,no,,https://athensma.phs.uoa.gr/,"February 1, 2026","June 30, 2026",,https://athensma.phs.uoa.gr,open,The program has a rolling admissions procedure with two phases: February 1 – March 31 and April 1 – June 30. Candidates from countries requiring a visa are encouraged to apply during phase I.,,,yes,https://athensma.phs.uoa.gr/news/view_announcement/call_for_applications_2025_26,ok,skipped,2026-06-26T13:25:38.426497+00:00
1280,"MSc in Science, Technology, Society—Science and Technology Studies","Επιστήμη, Τεχνολογία, Κοινωνία — Σπουδές Επιστήμης και Τεχνολογίας",,,,Athens,"{humanities,economics_management}",{english},60,,EUR 1000,{in_person},elsavva@phs.uoa.gr,no,,https://sts.phs.uoa.gr/,2026 - 2027,"June 30, 2026",2026-2027,https://www.uoa.gr/fileadmin/depts/phs.uoa.gr/sts/uploads/STS_NKUA_Call_2026-2027.pdf.pdf,open,The current call for applications and the application form for the academic year 2026 - 2027 are uploaded and accessible.,,true,yes,https://sts.phs.uoa.gr/call_for_applications,ok,ok,2026-06-26T13:25:45.826972+00:00
1588,MA in Contemporary Philosophy/Philosophy of Science,Μεταπτυχιακές Σπουδές στη Σύγχρονη Φιλοσοφία/Φιλοσοφία της Επιστήμης,,,,Athens,{humanities},{english},75,,EUR 2700,{in_person},contemporaryphilosophy@phs.uoa.gr,no,,https://contemporaryphilosophy.phs.uoa.gr/,03/04/2026,03/04/2026,,https://application,open,Candidates are invited to submit their applications by March 31st.,,,yes,,ok,skipped,2026-06-26T13:25:41.972704+00:00
1579,MSc in Circular Economy and Sustainability Strategies,Κυκλική Οικονομία και Στρατηγικές Αειφορίας,,,,Athens,"{science_and_engineering,economics_management}",{english},90,,EUR 3000,{in_person},circulareconomy@uniwa.gr,no,,https://msc-circular.uniwa.gr/,,"30/06/2026, 30/09/2026",,,open,,,,yes,,ok,skipped,2026-06-26T13:25:47.462599+00:00
1583,World Textile Engineering Advanced Master: WE-TEAM,Προχωρημένες Σπουδές στην Κλωστοϋφαντουργική Τεχνολογία (WE-TEAM),,,,Athens,"{science_and_engineering,technology}",{english},120,,EUR 18000-36000,{in_person},dikniga@uniwa.gr,no,,https://we-team.education/,2025-10-22T20:35:32+02:00,Counting down of the On-line Application closing 00Days00Hours00Min00Sec,2026-2028,https://we-team.education/apply-now/,open,The application deadline appears to be a countdown timer indicating the closing moment for online applications.,,false,yes,,ok,ok,2026-06-26T13:25:46.945874+00:00
1175,MSc in AI and Data Science,Τεχνητή Νοημοσύνη και Επιστήμη Δεδομένων,,,,Athens,{science_and_engineering},{english},75,,EUR 6000-7500,{in_person},datascience@aueb.gr,no,,https://datascience.aueb.gr/,June 23,"July 10, 2026",,,open,"New Application Period: June 23 – July 10, 2026",,,yes,,ok,skipped,2026-06-26T13:25:48.482484+00:00
938,MSc Artificial Intelligence and Visual Computing – AIVC,Τεχνητή Νοημοσύνη και Οπτική Υπολογιστική,,,,Athens,{technology},{english},90,,EUR 2900,{in_person},msc-aivc@uniwa.gr,no,,https://msc-aivc.uniwa.gr/,,,2025-2026,,not_mentioned,The document refers to the 2025-2026 cycle but does not specify exact application opening or closing dates.,,,no,https://msc-aivc.uniwa.gr/elementor-1086/,ok,skipped,2026-06-26T13:27:35.538021+00:00
1372,MSc in Cybersecurity,Κυβερνοασφάλεια,,,,Athens,"{science_and_engineering,technology}",{english},90,,EUR 2900,{remotely},ice@uniwa.gr,no,,https://cscyb.uniwa.gr/en/,14 Apr 2025,"Sunday, 8th of June 2025",September 2025,https://cscyb.uniwa.gr/en/application-form/,closed,The application period for the academic year 2025-2026 opened on 14 April 2025 and closed on 8 June 2025. Classes start on 29 September 2025.,,,yes,https://cscyb.uniwa.gr/en/opening-of-the-application-period-for-the-academic-year-2025-2026/,ok,skipped,2026-06-26T13:26:01.234985+00:00
1724,Artificial Intelligence and Data Science,Τεχνητή Νοημοσύνη και Επιστήμη Δεδομένων,,,,Athens,{technology},{english},240,,EUR 6000,{in_person},aidasc@uniwa.gr,no,,http://aidasc.uniwa.gr/,rolling admissions (applications accepted throughout the year),,,http://aidasc.uniwa.gr/application/,open,Rolling admissions mean applications are accepted throughout the year.,,,yes,,ok,ok,2026-06-26T13:26:07.864045+00:00
1111,Data Science and Information Technologies,Επιστήμη Δεδομένων και Τεχνολογίες Πληροφορίας,,,,Athens,{science_and_engineering},{english},90,,EUR 2700,{in_person},secretpm@di.uoa.gr,no,,http://dsit.di.uoa.gr/,"June 5th, 2026","Please read the call for applications for the academic year 2026-2027, which is linked in the content. No specific deadline date is explicitly stated in the scraped content.",2026-2027,,open,,,,yes,https://dsit.di.uoa.gr/call-for-applications-for-the-academic-year-2026-2027-deadline-extension/,ok,skipped,2026-06-26T13:26:13.549153+00:00
944,Advances in Computer Science and Information Systems,Προηγμένες Τεχνολογίες Πληροφορικής και Εφαρμογές,,,,Athens,{technology},"{greek,english}",75,,EUR 2800,{in_person},itpsec@hua.gr,no,,https://msc.dit.hua.gr/en/,04.09.2026,04.09.2026,,https://msc.dit.hua.gr/en/,open,Interested candidates are invited to submit their applications electronically no later than 04.09.2026 via σύνδεσμο,,,yes,,ok,skipped,2026-06-26T13:26:25.672539+00:00
1598,Shipping and Sea Transports: Economics and Politics,Ναυτιλία και Θαλάσσιες Μεταφορές: Οικονομική και Πολιτική,,,,Thessaloniki,{economics_management},{english},90,,EUR 5500,"{in_person,remotely}",msc-sst@uom.edu.gr,no,,https://www.uom.gr/en/sst,2026-05-15,2026-05-18,Academic Year 2026-2027,,open,New application period for Master in Shipping and Sea Transports: Economics and Politics for the academic year 2026-2027.,,,yes,,ok,skipped,2026-06-26T13:26:16.024073+00:00
1596,"MA in Digital Transformation: e-Diplomacy, e-Campaigning and Digital Law","Digital Transformation: e-Diplomacy, e-Campaigning and Digital Law",,,,Athens,"{social_sciences,politics}",{english},90,,EUR 3500-5500,{remotely},digi-dcl@panteion.gr,no,,https://digi-dcl.com/,,"July 10, 2026",,,open,"Submit your application by July 10, 2026.",,,yes,,ok,skipped,2026-06-26T13:26:18.864295+00:00
1043,"Energy: Strategy, Law & Economics","Ενέργεια: Στρατηγική, Δίκαιο και Οικονομία",,,,Pireaus,"{law_sciences,economics_management}",{english},75,,EUR 5000,"{in_person,remotely}",energy@unipi.gr,no,,https://energy.des-unipi.gr/en-homepage/,,"July 17, 2026",,,open,"The application deadline has been extended to July 17, 2026. No specific application open date or apply button URL found.",,,yes,,ok,skipped,2026-06-26T13:26:23.705471+00:00
1042,International and European Studies,Διεθνείς και Ευρωπαϊκές Σπουδές,,,,Pireaus,"{politics,social_sciences}","{greek,english}",75,,EUR 5000,"{in_person,remotely}",des-secr@unipi.gr,no,,https://ies.des-unipi.gr/,loading announcements...,loadings announcements...,,https://ies.des-unipi.gr/aithsh-metaptuxiakou-des/,not_mentioned,No specific application open or deadline dates found; the page mentions 'Loading announcements...'.,,,yes,,ok,ok,2026-06-26T13:26:41.030966+00:00
1506,"American Studies: Politics, Strategy and Economics","American Studies: Politics, Strategy and Economics",,,,Pireaus,{politics},{english},75,,EUR 5000,{remotely},des-secr@unipi.gr,no,,https://american.des-unipi.gr/,"July 17, 2026",,,,open,"Application open date is July 17, 2026, from the announcement. No specific application deadline is provided.",,,yes,,ok,skipped,2026-06-26T13:26:28.013890+00:00
1653,LLM in International Studies,Διεθνείς Σπουδές,,,,Komotini,{law_sciences},{english},90,,EUR 1800,"{in_person,remotely}",secr-llm-int@law.duth.gr,no,,https://llm-int.law.duth.gr/,,"July 31, 2026",,,open,"The application deadline has been extended until July 31, 2026.",,,yes,,ok,skipped,2026-06-26T13:26:31.392428+00:00
1185,MBA International,Δ.Π.Μ.Σ. Διοικητική των Επιχειρήσεων με Διεθνή Προσανατολισμό,,,,Athens,"{economics_management,technology}",{english},90,,EUR 9700-9900,{in_person},imba@aueb.gr,no,,https://imba.aueb.gr/,,29/06/2026,,,open,"The application deadline is 29/06/2026, and there are related dates for a virtual open day on 11/05/2026 and an application deadline previously mentioned as 08/06/2026.",,,yes,,ok,skipped,2026-06-26T13:26:34.407696+00:00
1853,Artificial Intelligence for Digital Transformation,Τεχνητή Νοημοσύνη για Ψηφιακό Μετασχηματισμό,,,,Athens,{technology},{english},90,,EUR 2500,{in_person},digitaltransformation@aueb.gr,no,,https://dept.aueb.gr/en/digitaltransformation,,8/5/2026 & 3/7/2026,,,open,"Multiple application deadlines for cycles in 2026, open for the academic year 2026-27.",,,yes,,ok,skipped,2026-06-26T13:26:37.940786+00:00
1174,MSc in Business Analytics,Π.Μ.Σ. στην Επιχειρηματική Αναλυτική,,,,Athens,{economics_management},{english},90,,EUR 7200,{in_person},ms-ba@aueb.gr,no,,http://analytics.aueb.gr/,,"April 17, 2026, June 12, 2026",,,open,,,,yes,,ok,skipped,2026-06-26T13:26:41.139381+00:00
1787,Electronic Business and Digital Marketing,Ηλεκτρονικό Επιχειρείν και Ψηφιακό Μάρκετινγκ,,,,Kozani,"{economics_management,technology}","{english,greek}",90,,EUR 2900,{remotely},ebdm@uowm.gr,no,,https://ebdm.uowm.gr/,20/07/2026,21/05/2026,,,open,,,,yes,,ok,skipped,2026-06-26T13:26:45.502775+00:00
16,Research in Marine Sciences,Έρευνα στις Θαλάσσιες Επιστήμες,,,,Mytilene,{environmental_sciences},{english},90,,EUR 1200,"{in_person,remotely}",rmsc@marine.aegean.gr,no,,https://www.mar.aegean.gr/index.php?lang=en&pg=3.2.2,,,,,not_mentioned,,,,no,,ok,skipped,2026-06-26T13:27:37.419826+00:00
1202,Sustainable Blue Economy,Βιώσιμη Γαλάζια Οικονομία,,,,Pireaus,"{environmental_sciences,humanities}",{english},75,,EUR 5000,{in_person},naf-secr@unipi.gr,no,,https://maritime-unipi.gr/en/studies/postgraduate-studies/msc-sustainability-and-quality-in-marine-industry/,25 Φεβρουαρίου 2026,31 Μαρτίου 2026,,,open,"Extensions for student catering applications for the academic year 2025-2026, with submission from 25 February 2026 to 31 March 2026.",,,yes,,ok,skipped,2026-06-26T13:27:08.102346+00:00
1201,Shipping Management,Ναυτιλιακή Διοικητική,,,,Pireaus,{economics_management},{english},75,,EUR 7000,{in_person},shipman@unipi.gr,no,,https://maritime-unipi.com/,October 2025,,October 2025 to September 2026,https://maritime-unipi.com/call-for-applications/,open,"The program starts in October 2025 and finishes in September 2026. There is no specific application deadline mentioned, but applications are accepted on an ongoing basis until all spots are filled.",custom,false,yes,https://maritime-unipi.com/call-for-applications/,ok,ok,2026-06-26T13:27:25.688150+00:00
1186,MSc in Marketing and Communication,Μάρκετινγκ και Επικοινωνία,,,,Athens,"{economics_management,humanities}",{english},90,,EUR 6900,{in_person},diekp@aueb.gr,no,,https://www.dept.aueb.gr/en/marketing,,"May 3rd, 2026",September 2026,https://www.dept.aueb.gr/en/marketing/content/apply-now,open,"The application period for September 2026 entry is now open with deadlines on March 1st, 2026; May 3rd, 2026; and June 14th, 2026.",,,yes,,ok,skipped,2026-06-26T13:27:29.523636+00:00
1683,MSc in Digital Health,Ψηφιακή Ιατρική,,,,Ioannina,"{technology,science_and_engineering}",{english},120,,EUR 5000,{remotely},info-ds4health@uoi.gr,no,,https://ds4health.uoi.gr/,5 Oct 2026,,Fall 2026,https://ds4health.uoi.gr/apply,accepting applications,Currently accepting applications for 2026-2027 intake. Expected start date is 5 October 2026.,,,yes,,ok,ok,2026-06-26T13:27:32.296573+00:00
2216,Soft Matter Science and Engineering,Επιστήμη και Μηχανική στη Χαλαρή ύλη,,,,Heraklion,{science_and_engineering},{english},120,,EUR 2500-3500,{in_person},fsygelaki@uoc.gr,no,,https://smse.materials.uoc.gr/,,"May 24, 2024","September 30, 2024",,coming_soon,"Deadline for applications is May 24, 2024; semester starts September 30, 2024.",,,yes,,ok,skipped,2026-06-26T13:28:23.088570+00:00
1088,Materials Science and Engineering,Επιστήμη και Μηχανική των Υλικών,,,,Heraklion,{science_and_engineering},{english},120,,EUR 0-2000,{in_person},secretariat@materials.uoc.gr,no,,https://grad.materials.uoc.gr/,8 June 2026,7 September 2026,Spring 2026-2027,https://www.uoc.gr/en/apply.html,open,"Deadline for application submission is June 28, 2026, but the official application period opens on 8 June 2026 and closes on 7 September 2026.",,,yes,https://grad.materials.uoc.gr/en/announcements.html#a20260525a,ok,skipped,2026-06-26T13:27:54.774726+00:00
1601,Data Analysis & Machine Statistical Learning,Ανάλυση Δεδομένων & Μηχανική - Στατιστική Μάθηση,,,,Heraklion,"{science_and_engineering,technology}",{english},90,,EUR 2000-3500,{in_person},damsl@math.uoc.gr,no,,https://mscs.uoc.gr/damsl/,2026-02-11,May 26th 2025,September 2026,https://mscs.uoc.gr/damsl/wp-content/uploads/2025/12/DAMSL_CallforApplications_2025_EN_final.pdf,coming_soon,The application opens on 2026-02-11. No specific deadline is provided. The intake semester is September 2026. Application status is marked as coming soon based on the context.,https://postgrad.cict.uoc.gr,true,yes,,ok,ok,2026-06-26T13:27:46.182324+00:00
1778,Welding Engineering and Non Destructive Inspection,Μηχανική Συγκολλήσεων και Μη Καταστροφικός Έλεγχος,,,,Kozani,{technology},{english},90,,EUR 3000,{remotely},weld-ndt@uowm.gr,no,,https://weld-ndt.uowm.gr/en/,,,,,not_mentioned,No specific application open or deadline dates are mentioned on the page.,,,no,,ok,skipped,2026-06-26T13:28:37.265612+00:00
1799,Sustainable Energy Systems - SES,Αειφόρα Ενεργειακά Συστήματα,,,,Athens,{science_and_engineering},{english},120,,EUR 4800,{in_person},master.echp@uniwa.gr,no,,https://mscses.uniwa.gr/,,Rolling admissions,2026,https://mscses.uniwa.gr/application-form/,open,"Rolling admissions, application deadline: Rolling admissions",,,yes,,ok,skipped,2026-06-26T13:27:59.084279+00:00
1794,Energy and Environmental Developments,Ενεργειακές και Περιβαλλοντικές Επενδύσεις,,,,Athens,"{environmental_sciences,technology}","{greek,english}",120,,Free,{in_person},mbaenergy@uniwa.gr,no,,https://mbaenergy.gr/,15 Ιουνίου 2026,15 Ιουνίου 2026,,https://mbaenergy.gr/aitisi-eggrafis/,open,"The application deadline and opening date are explicitly stated as 15 June 2026. The program's admission process is currently open, with the deadline specified for 15 June 2026.",,,yes,,ok,skipped,2026-06-26T13:28:04.539547+00:00
1608,MSc in Oil and Gas Process Systems Engineering,Βιομηχανικά Συστήματα Πετρελαίου και Φυσικού Αερίου,,,,Athens,{environmental_sciences},{english},120,,Free,{in_person},kstilianopoulou@uniwa.gr,no,,https://oilgasmsc.gr/,Εκδήλωση Ενδιαφέροντος και οι Αιτήσεις για τον 8ο Κύκλο του ΠΜΣ γίνονται έως τις 22 Μαρτίου 2026,Εκδήλωση Ενδιαφέροντος και οι Αιτήσεις για τον 8ο Κύκλο του ΠΜΣ γίνονται έως τις 22 Μαρτίου 2026,,https://softenergyappslab.wufoo.com/forms/mdg0k060gftfuq/,open,,,,yes,,ok,skipped,2026-06-26T13:28:09.101291+00:00
1570,MSc Advanced Product Design Engineering & Manufacturing,Προηγμένα Βιομηχανικά Συστήματα Παραγωγής,,,,Athens,{technology},{english},90,,EUR 4000-6500,"{in_person,remotely}",aims@uniwa.gr,no,,https://aims.uniwa.gr/en/home-en/,,,,,not_mentioned,,,,no,,ok,skipped,2026-06-26T13:28:37.163263+00:00
1515,"Food, Nutrition and Microbiome","Τρόφιμα, Διατροφή και Μικροβίωμα",,,,Alexandroupoli,{health},{english},90,,EUR 3000,{remotely},chris.stefanis@gmail.com,no,,https://www.med-duth-master-fnm.gr/en/,2026,,Academic Year 2025-2026,,coming_soon,,,,yes,,ok,skipped,2026-06-26T13:29:02.740919+00:00
8,Biomedical and Molecular Sciences - Diagnosis and Treatment of Human Diseases,Βιο-Ιατρικές και Μοριακες Επιστήμες - Διάγνωση και θεραπεία ασθενειών του ανθρώπου,,,,Alexandroupoli,"{health,environmental_sciences}","{english,greek}",120,,EUR 2500,"{in_person,remotely}",ioakarak@med.duth.gr,no,,https://msc-biomed.edu.gr/,30TH September 2026,30TH September 2026,,https://msc-biomed.edu.gr/application/,open,Postgraduate registrations are until 30TH September 2026.,,,yes,https://msc-biomed.edu.gr/announcements/,ok,skipped,2026-06-26T13:28:52.070746+00:00
1728,"Eastern Mediterranean Studies. Archaeology, History, Culture","Eastern Mediterranean Studies. Archaeology, History, Culture",,,,Rhodes,{humanities},{english},240,,EUR 4500,{in_person},ems_secr@aegean.gr,no,,https://eastmedstudies.aegean.gr/,October 15,,October 2026,https://eastmedstudies.aegean.gr/admissions/,open,"Application deadlines are specified for 2026 intake, with separate dates for different applicant categories. No explicit application open date is given.",custom,true,yes,,ok,ok,2026-06-26T13:28:48.457644+00:00
1809,Resuscitation,Αναζωογόνηση,,,,Athens,{health},"{english,greek}",120,,EUR 4000,{in_person},resuscitation@uniwa.gr,no,,https://resuscitation.uniwa.gr/en/home-page/,01 Απριλίου 2026,31 Ιουνίου 2026,October 2024,https://resuscitation.uniwa.gr/en/secretariat/apply/,closed,Η προθεσμία ολοκληρώθηκε; η υποβολή αιτήσεων έκλεισε.,,,yes,,ok,skipped,2026-06-26T13:29:11.604731+00:00
1592,Byzantine Music: Academic Theory & Artistic Performance,Βυζαντινή Μουσική: Ακαδημαϊκή Θεωρία και Καλλιτεχνική Ερμηνεία,,,,Athens,"{arts,humanities}",{english},90,,EUR 3000,"{in_person,remotely}",axaldaiak@music.uoa.gr,no,,https://www.music.uoa.gr/metaptychiakes_spoydes/trechonta_programmata_metaptychiakon_spoydon/ma_byzantine_music_academic_theory_and_artistic_performance/,June 2026,,,,not_mentioned,,,,yes,,ok,skipped,2026-06-26T13:29:20.155853+00:00
1556,Digital Technologies and Smart Infrastructure in Agriculture,Ψηφιακές Τεχνολογίες και Ευφυείς Υποδομές στη Γεωργία,,,,Athens,"{agriculture,technology}",{english},90,,EUR 2500-4000,{in_person},smartag@aua.gr,no,,http://smartag.aua.gr/,"March 1, 2026","May 1, 2026",Academic Year 2026-27,https://smartag.aua.gr/wp-content/uploads/2026/03/APPLICATION-MSc.pdf,open,"The application period is from March 1, 2026, to May 1, 2026, and is currently open.",,,yes,,ok,skipped,2026-06-26T13:29:12.665061+00:00
1520,Nanomedicines for drug delivery - NANOMED,Νανοφάρμακα για την Χορήγηση Φαρμάκων,,,,Patra,"{health,science_and_engineering}",{english},120,,EUR 9000,{in_person},pharminf@upatras.gr,no,,https://nanomed.u-paris.fr/,November 14th 2023,January 15th 2024,2024-2026,,open,The application session for EMJMD NANOMED Scholarships for the intake of 2024-2026 opens between November 14th 2023 and January 15th 2024. The final confirmation of scholarships will be known in July 2024.,,,yes,https://nanomed.u-paris.fr/scholarship-applications-intake-2024-2026/,ok,skipped,2026-06-26T13:30:19.139698+00:00
1719,Integrated Master in Pharmacy,Integrated Master in Pharmacy,,,,Athens,{health},{english},300,,EUR 9000,{in_person},mpharm@pharm.uoa.gr,no,,https://mpharmnkua.uoa.gr/,September 2026,,September 2026,https://cloud-solutions.anova.gr/MPHARMNKUA/,open,Applications for September 2026 are now Open,,,yes,,ok,ok,2026-06-26T13:29:24.723456+00:00
1594,History of Philosophy and Ideas (Greek Philosophy),Ιστορία της Φιλοσοφίας και των Ιδεών (Ελληνική Φιλοσοφία),,,,Athens,{humanities},{english},75,,EUR 1700,{remotely},secr-HoPhMaster@philosophy.uoa.gr,no,,http://en.philosophymaster.philosophy.uoa.gr/,2 June 2026,18 September 2026,October 2026,http://en.philosophymaster.philosophy.uoa.gr/,open,"The application period is from June 2, 2026, to September 18, 2026. The starting date for the program is October 2026.",,,yes,http://en.philosophymaster.philosophy.uoa.gr/call-for-applications-2026-2027.html,ok,skipped,2026-06-26T13:29:26.193271+00:00
25,"BA in Archaeology, History, and Literature of Ancient Greece","Ξ.Π.Π.Σ. στην Αρχαιολογία, Ιστορία και Λογοτεχνία της Αρχαίας Ελλάδας",,,,Athens,{humanities},{english},240,,EUR 6000,{in_person},info@baag.uoa.gr,no,,https://baag.uoa.gr/,Applications open,,2026,https://cloud-solutions.anova.gr/BAAG/,open,Applications are currently accepted for the upcoming academic year.,,,yes,,ok,ok,2026-06-26T13:29:29.282691+00:00
1670,MSc Leadership: Ethics and Politics,MSc Leadership: Ethics and Politics,,,,Athens,"{social_sciences,economics_management}",{english},90,,EUR 12000,{remotely},leadership@uoa.gr,no,,https://leadership.philosophy.uoa.gr/,,"August 31, 2026",August 31st 2026,https://leadership.philosophy.uoa.gr/students/apply/,not_mentioned,The page mentions the start date of the semester as August 31st 2026 but does not specify an application opening date or deadline. The application status is not explicitly stated.,custom,true,yes,,ok,ok,2026-06-26T13:29:40.351066+00:00
1586,Greek and Chinese Civilizations: a comparative approach,Greek and Chinese Civilizations: a comparative approach,,,,Patra,{humanities},{english},120,,EUR 4000,{in_person},ma-gr-cn@upatras.gr,no,,https://magr-cn.philosophy.upatras.gr/,2026,,,,not_mentioned,,,,yes,,ok,skipped,2026-06-26T13:30:09.713023+00:00
1503,European Master in Sport and Exercise Psychology,Ευρωπαϊκό Μεταπτυχιακό στην Ψυχολογία του Αθλητισμού και της Άσκησης,,,,Trikala,"{humanities,sports}",{english},120,,EUR 4200,{in_person},emsep_uth@pe.uth.gr,no,,https://emsep.uth.gr/,"February 1, 2026","May 8, 2026",Spring 2026,https://emsep.uth.gr/apply-for-master/,open,"Next application period from February 1 to May 8, 2026. Extended application period announced on April 30, 2026.",,,yes,,ok,skipped,2026-06-26T13:29:44.983295+00:00
1271,Advanced Physics,Προχωρημένη Φυσική,,,,Heraklion,{science_and_engineering},{english},60,,Free,{in_person},pgrad@physics.uoc.gr,no,,https://msc-advanced-physics.physics.uoc.gr/,October each year,,October each year,,not_mentioned,,,,yes,,ok,skipped,2026-06-26T13:30:22.136728+00:00
1274,Photonics and Nanoelectronics,Φωτονική και Νανοηλεκτρονική,,,,Heraklion,{science_and_engineering},{english},90,,Free,{in_person},pgrad@physics.uoc.gr,no,,https://www.physics.uoc.gr/en/gradstudies/msc-photonics-nanoelectronics,July 2025,July 2025,Academic Year 2025-26,,closed,The application deadline was July 2025 for the academic year 2025-26.,,,yes,,ok,skipped,2026-06-26T13:30:51.225754+00:00
1628,Resilience in Educational Contexts -EMJM FLOURISH,Resilience in Educational Contexts -EMJM FLOURISH,,,,Rethymno,{education_sciences},{english},120,,EUR 5000-10000,{in_person},matsopoulos.global@gmail.com,no,,https://flourishproject.mt/,1st July 2026,1st July 2026,,,open,Self funding applications are open till 1st July 2026. Scholarship applications are now closed.,,,yes,,ok,skipped,2026-06-26T13:30:21.899004+00:00
1577,Environmental Health and Communication in General and Special Education and Training,Περιβαλλοντική Υγεία και Επικοινωνία στη Γενική και Ειδική Εκπαίδευση,,,,Athens,{environmental_sciences},{english},90,,EUR 2850,{remotely},master.envihealth@uniwa.gr,no,,https://pchenvihealth.uniwa.gr/en/home/,6/4/2026,30/6/2026,2026-2027,https://pchenvihealth.uniwa.gr/wp-content/uploads/sites/718/2026/04/Environmental-Health-and-Communication-in-General-and-Special-Education-and-Training.pdf,open,Fields marked with * are required. Application period is from 6 April 2026 to 30 June 2026. The program for academic year 2026-2027. The application form link is provided.,,,yes,,ok,skipped,2026-06-26T13:30:33.163547+00:00
1575,Environmental Communication and Health Promotion,Περιβαλλοντική Επικοινωνία και Προαγωγή Υγείας,,,,Athens,"{environmental_sciences,health}",{english},90,,EUR 2250,{remotely},master.echp@uniwa.gr,no,,https://pchenv.uniwa.gr/en/home/,2026-06,30 ΙΟΥΝΙΟΥ 2026,2026-2027,https://pchenv.uniwa.gr/aitisi-ypopsifiotitas-2/,open,"Application process starts in 2026 for the academic year 2026-2027. The specific opening date is not clearly stated, but applications are accepted for that period.",custom,false,yes,,ok,ok,2026-06-26T13:30:28.366478+00:00
2217,MBA in Shipping,MBA in Shipping,,,,Chios,{economics_management},{english},60,,EUR 5000,"{remotely,in_person}",shipping-mba@aegean.gr,no,,https://www.stt.aegean.gr/en/mba-in-shipping/,11/05/2026,12/07/2026,,https://www.stt.aegean.gr/en/category/announcements-mba-in-shipping/call-for-application/,not_mentioned,No specific application open or deadline dates found in 2026 or later; ongoing or not specified.,custom,true,yes,,ok,ok,2026-06-26T13:30:33.498280+00:00
1593,MA in Management of Migratory and Refugee Flows in Europe,Μεταναστευτικές Σπουδές: Διαχείριση Μεταναστευτικών Ροών στην Ευρώπη,,,,Mytilene,"{social_sciences,humanities}",{english},90,,EUR 3500,{remotely},mmrfe-msc@soc.aegean.gr,no,,https://soc.aegean.gr/en/pms-metanasteftikes-spoudes-diacheir/,March 2026,not found,not found,,not_mentioned,The page mentions application open in March 2026 but does not specify a deadline or closing date.,,,yes,,ok,skipped,2026-06-26T13:31:27.221518+00:00
1644,"Olympic Studies, Olympic Education, Organization and Management of Olympic Events","Ολυμπιακές Σπουδές, Ολυμπιακή Παιδεία, Οργάνωση και Διαχείριση Ολυμπιακών Εκδηλώσεων",,,,Sparti / Sparta,{sports},{english},90,,EUR 5000,{in_person},master@ioa.org.gr,no,,http://olympicmaster.uop.gr/,June 2026,,Academic year 2026-2027,https://olympicmaster.uop.gr/index.php?option=com_content&view=article&id=74&Itemid=93,open,The call for applications is for the academic year 2026-2027,,false,yes,,ok,ok,2026-06-26T13:30:41.638985+00:00
1493,MSc in Statistics,Στατιστική,,,,Athens,{science_and_engineering},{english},90,,EUR 4000,{in_person},masterst@aueb.gr,no,,https://aueb-analytics.wixsite.com/msc-stats/gr,,apply | Msc-stats top of page,,https://e-graduate.applications.aueb.gr/?lang=en_US,not_mentioned,,,,yes,,ok,ok,2026-06-26T13:30:50.851765+00:00
13,"Identity, Education and Competences for Democratic Culture","Ταυτότητα, Εκπαίδευση και Ικανότητες για Δημοκρατικό Πολιτισμό",,,,Athens,"{social_sciences,humanities}","{greek,english}",75,,EUR 3400-5600,{remotely},secr_MAdemocracy@theol.uoa.gr,no,,https://mademocracyedu.theol.uoa.gr/en/,01/10/2024,"May 15th, 2025",Academic Year 2025-2026,https://mademocracyedu.theol.uoa.gr/en/application-form-2/,open,"The application period opens on 01/10/2024 and closes on May 15th, 2025. The intake is for the academic year 2025-2026.",,,yes,,ok,skipped,2026-06-26T13:31:15.559512+00:00
1841,MBA in Air Transport Management,MBA in Air Transport Management,,,,Chios,{economics_management},{english},90,,EUR 10000,"{in_person,remotely}",matba_akad_gram@aegean.gr,no,,https://matba.aegean.gr/,Started on the 1st of February 2026,,,https://matba.aegean.gr/how-to-apply/,not_mentioned,No specific application deadline found; application open date is given.,,,yes,,ok,ok,2026-06-26T13:30:55.947728+00:00
1723,Medical Degree by the University of Thessaly,Medical Degree by the University of Thessaly,,,,Larissa,{health},{english},360,,EUR 12000,{in_person},infomeden@uth.gr,no,,https://medical.edu.gr/,30 May 2026,"May 15, 2026",2026/2027,,closed,"Applications for the 2026/2027 academic year are now officially open. Application deadline is May 15, 2026.",,,yes,,ok,skipped,2026-06-26T13:30:59.445404+00:00
1076,Molecular Cellular Biology and Biotechnology,Μοριακή - Κυτταρική Βιολογία και Βιοτεχνολογία,,,,Ioannina,"{health,science_and_engineering}",{english},90,,Free,{in_person},klagou@uoi.gr,no,,http://msc-mcbb.ac.uoi.gr/index.php?lang=en,31.07.2025,31.07.2025,,http://www.chem.uoi.gr/,closed,"The application deadline and the open date are both specified as 31.07.2025, which is before June 2026; hence, no upcoming application dates are available for 2026 or later.",,,yes,,ok,skipped,2026-06-26T13:31:21.112174+00:00
1537,Cell and Gene Therapies: from bench to bedside and Good Manufacturing Practices,Cell and Gene Therapies: from bench to bedside and Good Manufacturing Practices,,,,Patra,{health},{english},60,,EUR 4000,"{in_person,remotely}",mscgt@upatras.gr,no,,https://mastercgt.com/,,"September 18th, 2026",October 2026,https://mastercgt.com/application-procedure-instructions/,open,"Application deadline for the 6th cycle of students is September 18th, 2026. Start date is October 2026 for the academic year 2026/2027.",,,yes,,ok,skipped,2026-06-26T13:31:20.829832+00:00
1732,Medical Degree by University of Patras,Medical Degree by University of Patras,,,,Patra,{health},{english},360,,EUR 12000,{in_person},meden@upatras.gr,no,,https://meden.upatras.gr/en/main-en/,June 2026,"June 30th, 2026",,https://meden.upatras.gr/en/application/,open,"The application deadline has been extended to June 30th, 2026.",custom,false,yes,,ok,ok,2026-06-26T13:31:30.179314+00:00
1041,Medical Physics – Radiation Physics,Ιατρική Φυσική – Ακτινοφυσική,,,,Patra,"{health,science_and_engineering}",{english},90,,Free,{in_person},medphd@upatras.gr,no,,https://physics.med.upatras.gr/,Summer 2026,"June 24, 2026",2026-27,,open,"Application deadline is June 24, 2026, and the program begins in Fall 2026.",,,yes,,ok,skipped,2026-06-26T13:31:25.189175+00:00
1624,MSc in Public Health and Epidemiology,Δημόσια Υγεία και Επιδημιολογία,,,,Larissa,"{health,science_and_engineering}",{english},120,,EUR 6000,{remotely},mscphm-admin@uth.gr,no,,https://mscpublichealthmaritime.med.uth.gr/,2025-11-27T15:09:29+02:00,12th of December 2025,Cycle 2026-2028,https://mscpublichealthmaritime.med.uth.gr/application/,open,"Notice mentions the cycle 2026-2028, but no specific application deadline for 2026.",,false,yes,,ok,ok,2026-06-26T13:31:59.006959+00:00
1649,MSc Vascular Ultrasound in Diagnosis and Management,MSc Vascular Ultrasound in Diagnosis and Management,,,,Larissa,{health},{english},90,,EUR 5000,"{in_person,remotely}",msc.vascularultrasound@gmail.com,no,,https://www.med.uth.gr/msc.vascularultrasound/,,June 30 2026,,,open,Application deadline on June 30 2026,,,yes,,ok,skipped,2026-06-26T13:31:40.337838+00:00
1617,Personalized Medicine,Εξατομικευμένη Ιατρική,,,,Patra,{health},{english},60,,EUR 2000,{remotely},persomed@upatras.gr,no,,https://persomed.upatras.gr/en/,,"September 3, 2026",,,open,,,,yes,,ok,skipped,2026-06-26T13:31:32.931443+00:00
1569,MSc in Lifestyle Medicine,Ιατρική του Τρόπου Ζωής,,,,Trikala,{health},{english},90,,EUR 6000,"{in_person,remotely}",MSc-LM@uth.gr,no,,https://www.mlm.edu.gr/,October 1st 2026,December 31st 2026,January 2026,https://www.mlm.edu.gr/apply-now,open,Registration for the 2027–2028 cycle will be open between October 1st - December 31st 2026,custom,true,yes,,ok,ok,2026-06-26T13:31:41.775157+00:00
2246,Sustainable Agriculture and Food Science,Βιώσιμη Γεωργία και Επιστήμη Τροφίμων,,,,Thessaloniki,{agriculture},{english},300,,EUR 7000,{in_person},gkakamo@phed.auth.gr,no,,https://safs.auth.gr/,February 2026,"15 Apr 2026, 15 Jun 2026",September 2026,https://admissions.auth.gr/,open,Applications open February 2026; decisions issued in July 2026.,,,yes,,ok,error,2026-06-26T13:31:43.511347+00:00
1477,Protection of Cultural Heritage and Monuments of Nature from the Effects of Climate Change,Προστασία της Πολιτιστικής Κληρονομιάς και των Μνημείων της Φύσης από τις Επιπτώσεις της Κλιματικής Αλλαγής,,,,Patra,"{humanities,environmental_sciences}",{english},120,,EUR 3900,{remotely},ccc@eap.gr,no,,https://www.eap.gr/en/protection-of-cultural-heritage-and-monuments-of-nature-from-the-effects-of-climate-change/,1 April 2026,"30 June 2026, until 11:59 a.m.",2026-2027,https://dev.eap.gr/student-candidate/public#/,open,Applications are open from 1 April to 30 June 2026 for the academic year 2026-2027.,,,yes,https://www.eap.gr/en/2026/04/01/prosklisi-yia-tin-ekdilosi-endiapherontos-phitisis-se-9-proptikhiaka-1-idiko-programma-kai-60-metaptikhiaka-programmata-spoudon-yia-to-akadimaiko-etos-2026-2027/,ok,skipped,2026-06-26T13:31:49.096203+00:00
1656,Applied Mechanics,Εφαρμοσμένη Μηχανική,,,,Athens,"{technology,science_and_engineering}",{english},90,,EUR 0-1500,{in_person},appliedmechanics@mail.ntua.gr,no,,http://appliedmechanics.mechan.ntua.gr/,,,,,not_mentioned,,,,no,,ok,skipped,2026-06-26T13:32:21.349688+00:00
1657,Mathematical Modeling in Modern Technologies and Financial Engineering,Μαθηματική Προτυποποίηση σε Σύγχρονες Τεχνολογίες και τη Χρηματοοικονομική,,,,Athens,"{science_and_engineering,technology}",{english},90,,EUR 0-1500,{in_person},pgradsemfe@mail.ntua.gr,no,,https://mathtechfin.math.ntua.gr/en/,,"Sunday, June 28th, 2026",Academic Year 2026-27,,open,"Application deadline is June 28th, 2026. The application process is currently open.",,,yes,,ok,skipped,2026-06-26T13:32:19.734946+00:00
1658,Microsystems and Nanodevices,Μικροσυστήματα και Νανοδιατάξεις,,,,Athens,{technology},{english},90,,EUR 1500,{in_person},pgradsemfe@mail.ntua.gr,no,,https://mina.physics.ntua.gr/,"Thursday, September 3, 2026","Thursday, September 3, 2026",Academic Year 2026-2027,https://mina.physics.ntua.gr/admissions/,open,"The application deadline and open date are explicitly mentioned as September 3, 2026, for the academic year 2026-2027.",,,yes,,ok,skipped,2026-06-26T13:32:03.240701+00:00
1281,Advanced Design: Innovation and Transdisciplinarity in Design,Σχεδιασμός Αιχμής: Καινοτομία και Διεπιστημονικότητα στον Σχεδιασμό,,,,Thessaloniki,{technology},{english},90,,EUR 3000,{in_person},advanceddesign@arch.auth.gr,no,,http://advanceddesign.arch.auth.gr/,"June 4, 2025","June 4, 2025",2025-2027,https://advanceddesign.arch.auth.gr/apply-now/,open,Applications are open for the 2025-2027 cycle of the postgraduate master in architecture Advanced Design.,,,yes,,ok,skipped,2026-06-26T13:32:07.756098+00:00
1576,Applied Bioinformatics,Εφαρμοσμένη Βιοπληροφορική,,,,Thessaloniki,"{health,environmental_sciences}",{english},90,,EUR 3000-4500,"{in_person,remotely}",msc-appbio@auth.gr,no,,https://websites.auth.gr/appbio/,2026,5 JULY 2026,,https://websites.auth.gr/appbio/wp-content/uploads/sites/168/2026/05/application-AppBio-EN-2026-27.doc,open,The programme is open for application submissions.,,,yes,,ok,error,2026-06-26T13:32:27.137481+00:00
1333,Business Economics and Management,Business Economics and Management,,,,Chania,{economics_management},{english},120,,Free,{in_person},eleni@maich.gr,no,,https://www.iamc.ciheam.org/education/master_of_science_programmes/bem,January 14th 2026,June 30th 2026,Academic Year 2026-2027,https://apply.maich.gr,open,Online applications open from January 14th 2026 to June 30th 2026 for the academic year 2026-2027.,custom,true,yes,,ok,ok,2026-06-26T13:32:23.961555+00:00
1562,MSc in Sustainable Engineering and Climate Change,Βιώσιμη Μηχανική και Κλιματική Αλλαγή,,,,Chania,{environmental_sciences},{english},90,,EUR 3000-6000,"{in_person,remotely}",secc@tuc.gr,no,,https://www.secc.tuc.gr/,June 30th 2026,June 30th 2026,October 2026,http://e-graduate.tuc.gr,open,"Applications are open until June 30th 2026, with courses starting in October 2026.",,,yes,,ok,error,2026-06-26T13:32:26.399850+00:00
967,Computational Mechanics,Υπολογιστική Μηχανική,,,,Athens,"{science_and_engineering,technology}",{english},90,,EUR 1500,{in_person},compmech@chemeng.ntua.gr,no,,https://compmech.chemeng.ntua.gr/en/home/,,"Monday, 29 June 2026",Academic Year 2026-2027,https://forms.gle/aa5douwq39o4umRa6,open,The application deadline has been extended until 29 June 2026. The application period for the Academic Year 2026-2027 is currently open.,,,yes,https://compmech.chemeng.ntua.gr/en/news-en/extension-of-application-deadline-for-the-interdisciplinary-postgraduate-program-computational-mechanics/,ok,skipped,2026-06-26T13:32:32.487231+00:00
1020,Materials Science and Technology,Επιστήμη και Τεχνολογία Υλικών,,,,Athens,"{science_and_engineering,technology}",{english},90,,EUR 1500,{in_person},secretariat@chemeng.ntua.gr,no,,http://mse.ntua.gr/?lang=en,"March 19, 2026",not explicitly mentioned,Academic Year 2026-27,https://mse.ntua.gr/wp-content/uploads/2026/03/IPP-MST_Call-for-students-2026-2027.pdf,open,"The application open date is March 19, 2026. No specific deadline is explicitly stated on the page.",,,yes,,ok,skipped,2026-06-26T13:32:49.419146+00:00
1714,Chemical and Biochemical Engineering: Health & Food,Χημική και Βιοχημική Μηχανική: Υγεία & Τρόφιμα,,,,Thessaloniki,{science_and_engineering},{english},120,,EUR 4000-8000,{in_person},biochemeng@cheng.auth.gr,no,,https://websites.auth.gr/mscbiochemeng/en/archiki-english/,"April 15, 2026","June 30, 2026",October 2026,https://websites.auth.gr/mscbiochemeng/,open,"Application submission period is from April 15 to June 30, 2026; classes start in October 2026; admission is competitive with a limited number of students; results are published after evaluation; enrollment details are provided upon admission.",,,yes,,ok,skipped,2026-06-26T13:32:35.413407+00:00
2243,Materials Science and Engineering,Επιστήμη και Μηχανική Υλικών,,,,Thessaloniki,{science_and_engineering},{english},300,,EUR 8000,{in_person},materials@auth.gr,no,,https://msen.auth.gr/,September 2026,31 July 2026,September 2026,https://2g8n37.share-eu1.hsforms.com/2eygXwD9nSy-js0A9RHSWYw,open,Rolling admissions with applications reviewed on a rolling basis; deadline to confirm is 31 July 2026.,,,yes,,ok,ok,2026-06-26T13:32:46.246344+00:00
1257,Archaeological Materials Science - ARCHMAT,Επιστήμη Υλικών Αρχαιολογικού Ενδιαφέροντος – ARCHMAT,,,,Thessaloniki,"{science_and_engineering,technology}",{english},120,,EUR 9000-16000,{in_person},mkafantari@chem.auth.gr,no,,https://archmat.web.auth.gr/,Call for online applications for each edition of ARCHMAT are published on the dedicated website in October each year with deadline in January of the following year.,"January of the following year (e.g., January 2027)","September of the same year (e.g., September 2026)",https://erasmusmundus-archmat.uevora.pt,open,Call for applications published annually in October with a deadline in January; start in September.,,,yes,,ok,error,2026-06-26T13:32:41.155482+00:00
19,Analysis and Design of Structures,Δομοστατικός Σχεδιασμός και Ανάλυση των Κατασκευών,,,,Athens,{technology},{english},90,,EUR 0-1500,{in_person},mscads@central.ntua.gr,no,,http://postgrad.structural.civil.ntua.gr/msc_ads_en/index.html,5/5/2026,,,,open,"The application open date is May 5, 2026. No specific deadline is mentioned.",,,yes,,ok,skipped,2026-06-26T13:32:44.507895+00:00
1578,Postgraduate Program in Orthodontics,Ορθοδοντική,,,,Thessaloniki,{health},{english},210,,EUR 47600,{in_person},emargariti@dent.auth.gr,no,,https://websites.auth.gr/orthodontics/en/homepage/,February 2026,,February 2026,,coming_soon,The next class starts in February 2026. No explicit application deadline is provided on the page.,,,yes,,ok,skipped,2026-06-26T13:33:45.452750+00:00
1563,Paediatric Dentistry,Παιδοδοντιατρική,,,,Thessaloniki,{health},{english},180,,EUR 21000-42000,{in_person},akanellaki@dent.auth.gr,no,,https://dent.auth.gr/en/lab/department-of-pediatric-dentistry/,καμία συγκεκριμένη ημερομηνία που να αναφέρεται στην έναρξη των αιτήσεων,29 Μαρτίου 2026,,https://dent.auth.gr/wp-content/uploads/sites/152/2026/03/上海暑期学校报名信息表Registration-Form-for-2026-Shanghai-Summer-School.xls,coming_soon,"Οι αιτήσεις πρέπει να υποβληθούν έως την 29 Μαρτίου 2026, και η προθεσμία αφορά το πρόγραμμα του καλοκαιριού 2026.",,,yes,,ok,error,2026-06-26T13:33:10.934460+00:00
1510,Dental & Craniofacial Bioengineering and Applied Biomaterials,Οδοντική και Κρανιοπροσωπική Εμβιομηχανική και Εφαρμοσμένα Βιοϋλικά,,,,Thessaloniki,{health},{english},90,,EUR 6000-12000,{in_person},mscbioengineering.dent.auth@gmail.com,no,,https://prosthodontics.dent.auth.gr/dental-craniofacial-bioengineering-and-applied-biomaterials-ms/,1 Αυγούστου 2022,2023-06-19 16:31,winter semester,https://prosthodontics.dent.auth.gr/dental-craniofacial-bioengineering-and-applied-biomaterials-ms/apply-for-dental-craniofacial-bioengineering-and-applied-biomaterials/,open,,,,yes,,ok,skipped,2026-06-26T13:32:55.835481+00:00
9,Strategic Marketing,Στρατηγικό Μάρκετινγκ,,,,Thessaloniki,{economics_management},{english},90,,EUR 5500,"{in_person,remotely}",strategic-marketing@econ.auth.gr,no,,https://strategic-marketing.econ.auth.gr/,"June 16, 2026",,"Spring 2026, Fall 2025-26",https://strategic-marketing.econ.auth.gr/apply-now/,coming_soon,"The application opening date is mentioned as June 16, 2026. No specific deadline date for applications is provided. The intake semesters include Spring 2026 and Fall 2025-26.",custom,false,yes,,ok,ok,2026-06-26T13:32:59.961303+00:00
17,Logistics & Supply Chain Management,Εφοδιαστική & Διοίκηση Αλυσίδας Εφοδιασμού,,,,Thessaloniki,"{social_sciences,economics_management}",{english},90,,EUR 5000-6500,"{in_person,remotely}",logistics@econ.auth.gr,no,,https://www.logistics-auth.gr/en,14.07.2025,,Spring semester 2025-26,,not_mentioned,,,,yes,,ok,skipped,2026-06-26T13:33:29.760679+00:00
1539,Translational Engineering in Health and Medicine,Μεταφραστική Βιοϊατρική Μηχανική και Επιστήμη,,,,Athens,"{health,technology}",{english},90,,EUR 0-1500,{in_person},masterteam-info@ece.ntua.gr,no,,https://masterteam.ntua.gr/,,"June 2nd, 2026",Academic Year 2026-2027,https://gradapply.ece.ntua.gr/,open,"The deadline for applications has been extended until June 2nd, 2026. Interested candidates must register at gradapply.ece.ntua.gr and submit their applications by the deadline.",,,yes,https://masterteam.ntua.gr/announcement/2026/05/26/extension-for-applications-2026-2027,ok,skipped,2026-06-26T13:33:20.653500+00:00
1511,Biomedical Engineering,Βιοϊατρική Μηχανική,,,,Thessaloniki,"{science_and_engineering,health}",{english},90,,EUR 2250-4500,{in_person},bme@auth.gr,no,,https://bme.web.auth.gr/,,31/03/2026,Academic Year 2026-27,https://bme.web.auth.gr/en/forms-and-applications/,open,Application deadline is 31 March 2026. The status suggests applications are currently open for the 2026-27 academic year.,,,yes,https://bme.web.auth.gr/en/%ce%b1%ce%bd%ce%b1%ce%ba%ce%bf%ce%af%ce%bd%cf%89%cf%83%ce%b7-%ce%b3%ce%b9%ce%b1-%ce%b5%ce%bd%ce%b9%cf%83%cf%87%cf%85%cf%84%ce%b9%ce%ba%ce%ae-%ce%b4%ce%b9%ce%b4%ce%b1%cf%83%ce%ba%ce%b1%ce%bb%ce%af-2/,ok,skipped,2026-06-26T13:33:26.894270+00:00
1572,Machine Learning and Data Science,Μηχανική Μάθηση και Επιστήμη Δεδομένων,,,,Chania,{technology},{english},60,,EUR 500-1000,{in_person},vgrigoraki@tuc.gr,no,,https://www.ece.tuc.gr/index.php?id=17146&L=456,31 May 2026,31 May 2026,2025–2026,https://en/about-the-program/how-to-apply,open,The application is open until 31 May 2026.,,,yes,,ok,skipped,2026-06-26T13:33:31.936221+00:00
1715,Aerial Autonomous Systems,Εναέρια Αυτόνομα Συστήματα,,,,Thessaloniki,{technology},{english},90,,EUR 6000-9000,{remotely},uav@ece.auth.gr,no,,https://uav.ece.auth.gr/en/home-eng/,"April 27, 2026",August 31 2026,Academic Year 2026-27,https://uav.ece.auth.gr/wp-content/uploads/sites/284/2026/04/Application-for-Admission.docx,open,,,,yes,https://uav.ece.auth.gr/en/call-for-admissions-to-the-interdepartmental-postgraduate-program-aerial-autonomous-systems-for-the-academic-year-2026-2027/,ok,skipped,2026-06-26T13:33:35.911106+00:00
1498,Theoretical and Applied Linguistics,Θεωρητική και Εφαρμοσμένη Γλωσσολογία,,,,Thessaloniki,{humanities},{english},90,,EUR 3500,"{in_person,remotely}",info@enl.auth.gr,no,,https://gpling.enl.auth.gr/en/home-eng/,23 January 2026,15 March 2026,,,open,The application period runs between 23 January – 15 March 2026.,,,yes,,ok,skipped,2026-06-26T13:33:40.309566+00:00
1345,Food Quality and Chemistry of Natural Products,Food Quality and Chemistry of Natural Products,,,,Chania,"{science_and_engineering,agriculture}",{english},120,,Free,{in_person},eleni@maich.gr,no,,https://www.iamc.ciheam.org/education/master_of_science_programmes/fqc,January 14th 2026,June 30th 2026,Academic Year 2026-27,https://apply.maich.gr,open,Online applications are open from January 14th 2026 to June 30th 2026 for the academic year 2026-27.,,true,yes,,ok,ok,2026-06-26T13:33:38.034486+00:00
1334,Geoinformation in Environmental Management,Γεωπληροφορία στη Διαχείριση Περιβάλλοντος,,,,Chania,{environmental_sciences},{english},120,,Free,{in_person},eleni@maich.gr,no,,https://www.iamc.ciheam.org/education/master_of_science_programmes/enm,January 14th 2026,June 30th 2026,Academic Year 2026-2027,https://apply.maich.gr,open,Online applications for the academic year 2026-2027 will be open from January 14th 2026 to June 30th 2026.,custom,true,yes,,ok,ok,2026-06-26T13:33:41.387184+00:00
1344,Horticultural Genetics and Biotechnology,Horticultural Genetics and Biotechnology,,,,Chania,"{agriculture,science_and_engineering}",{english},120,,Free,{in_person},eleni@maich.gr,no,,https://www.iamc.ciheam.org/education/master_of_science_programmes/hob,January 14th 2026,June 30th 2026,Academic Year 2026-27,https://apply.maich.gr,open,Online applications for the academic year 2026-2027 will be open from January 14th 2026 to June 30th 2026.,custom,true,yes,,ok,ok,2026-06-26T13:33:44.226728+00:00
1413,Language Education for Refugees and Migrants,Γλωσσική Εκπαίδευση για Πρόσφυγες και Μετανάστες,,,,Patra,"{humanities,education_sciences}",{english},120,,EUR 4125,{remotely},lrm@eap.gr,no,,https://www.eap.gr/en/language-education-for-refugees-and-immigrants/,1 April 2026,"30 June 2026, until 11:59 a.m.",2026-2027,https://dev.eap.gr/student-candidate/public#/,open,Applications are open from 1 April to 30 June 2026 for the academic year 2026-2027.,,,yes,https://www.eap.gr/en/tag/invitation-en/,ok,skipped,2026-06-26T13:33:43.522860+00:00
1408,MEd in Teaching of English as a Foreign Language/International Language,Διδακτική της Αγγλικής ως Ξένης/Διεθνούς Γλώσσας,,,,Patra,"{education_sciences,humanities}",{english},120,,EUR 4000,{remotely},aggx@eap.gr,no,,https://www.eap.gr/en/teaching-english-as-a-foreign-international-language/,1 April 2026,"30 June 2026, until 11:59 a.m.",2026-2027,https://dev.eap.gr/student-candidate/public#/,open,Applications are open from 1 April to 30 June 2026 for the academic year 2026-2027.,,,yes,https://www.eap.gr/en/tag/invitation-en/,ok,skipped,2026-06-26T13:33:44.383576+00:00
1287,Executive MBA,Διοίκηση Επιχειρήσεων για Στελέχη,,,,Thessaloniki,{economics_management},{english},100,,EUR 6000,{remotely},infoshsse@ihu.edu.gr,no,,https://www.ihu.gr/ucips/postgraduate-programmes/emba,,22 November 2026 / 22 December 2026,,,coming_soon,"Multiple deadlines for different applicant groups, some dates in December 2026.",,,yes,,ok,skipped,2026-06-26T13:33:45.764615+00:00
1291,"MSc in Energy Law, Business, Regulation and Policy","Δίκαιο της Ενέργειας, Επιχειρηματικότητα, Ρυθμιστική και Ενεργειακή Πολιτική",,,,Thessaloniki,"{law_sciences,economics_management}",{english},90,,EUR 3000,{remotely},infoshsse@ihu.edu.gr,no,,https://www.ihu.gr/ucips/postgraduate-programmes/energylaw,,"31 August 2026, 15 September 2026",,,coming_soon,Multiple application deadlines in 2026 for different applicant groups; deadlines are end of August and mid-September.,,,yes,,ok,skipped,2026-06-26T13:33:47.010281+00:00
1310,"MSc in Banking, Financial Technology (Fintech) and Risk Management","Τραπεζική, Χρηματοοικονομική Τεχνολογία και Διαχείριση Κινδύνου",,,,Thessaloniki,{economics_management},{english},90,,EUR 3900,"{in_person,remotely}",infoshsse@ihu.edu.gr,no,,https://www.ihu.gr/ucips/postgraduate-programmes/bankfin,,"31 August 2026, 15 September 2026",,,not_mentioned,Application deadlines are 31 August 2026 for non-Greek applicants and 15 September 2026 for Greek applicants or until places are filled.,,,yes,,ok,skipped,2026-06-26T13:33:48.619955+00:00
1311,MSc in Management,Διοίκηση Επιχειρήσεων,,,,Thessaloniki,{economics_management},{english},90,,EUR 3900,"{in_person,remotely}",infoshsse@ihu.edu.gr,no,,https://www.ihu.gr/ucips/postgraduate-programmes/management,,31 August 2026 or 15 September 2026,,,not_mentioned,,,,yes,,ok,skipped,2026-06-26T13:33:48.243611+00:00
1289,"LLM Transnational and European Commercial Law, Banking Law, Arbitration/Mediation","Διεθνικό και Ευρωπαϊκό Οικονομικό Δίκαιο, Τραπεζικό Δίκαιο, Διαιτησία/Διαμεσολάβηση",,,,Thessaloniki,{law_sciences},{english},90,,EUR 3000,{remotely},infoshsse@ihu.edu.gr,no,,https://www.ihu.gr/ucips/postgraduate-programmes/llm,,31 August 2026 / 15 September 2026,,,not_mentioned,,,,yes,,ok,skipped,2026-06-26T13:33:49.438477+00:00
1288,MA in Black Sea and Eastern Mediterranean Studies: Culture and International Relations,Σπουδές στη Μαύρη Θάλασσα και την Ανατολική Μεσόγειο: Πολιτισμός και Διεθνείς Σχέσεις,,,,Thessaloniki,{humanities},{english},90,,EUR 2500,"{in_person,remotely}",infoshsse@ihu.edu.gr,no,,https://www.ihu.gr/ucips/postgraduate-programmes/blacksea,,31 August 2026 (non-Greek applicants) / 15 September 2026 (Greek applicants),,,coming_soon,"Application deadlines for non-Greek applicants is 31 August 2026, and for Greek applicants is 15 September 2026.",,,yes,,ok,skipped,2026-06-26T13:33:50.734179+00:00
1292,MSc in Bioeconomy: Biotechnology and Law,Βιοοικονομία: Βιοτεχνολογία και Δίκαιο,,,,Thessaloniki,"{science_and_engineering,technology}",{english},90,,EUR 2700,{remotely},infoshsse@ihu.edu.gr,no,,https://www.ihu.gr/ucips/postgraduate-programmes/bioeconomy,,"31 August 2026, 15 September 2026",,,open,Application deadlines are 31 August 2026 for non-Greek applicants and 15 September 2026 for Greek applicants.,,,yes,,ok,skipped,2026-06-26T13:33:51.572924+00:00
1286,MA in Classical Archaeology and the Ancient History of Macedonia,Κλασική Αρχαιολογία και Αρχαία Ιστορία της Μακεδονίας,,,,Thessaloniki,{humanities},{english},90,,EUR 2500,"{in_person,remotely}",infoshsse@ihu.edu.gr,no,,https://www.ihu.gr/ucips/postgraduate-programmes/caahm,,"31 August 2026, 15 September 2026",,,open,Multiple application deadlines in 2026 for non-Greek and Greek applicants.,,,yes,,ok,skipped,2026-06-26T13:33:52.836349+00:00
1314,MSc in Sustainable Agriculture and Business,Αειφόρος Γεωργία και Επιχειρήσεις,,,,Thessaloniki,{economics_management},{english},90,,EUR 2500,{remotely},infoshsse@ihu.edu.gr,no,,https://www.ihu.gr/ucips/postgraduate-programmes/sab,,"31 August 2026, 15 September 2026",,,open,Application deadlines are 31 August 2026 for non-Greek applicants and 15 September 2026 for Greek applicants.,,,yes,,ok,skipped,2026-06-26T13:33:53.415609+00:00
1290,MA in Art Law and Arts Management,Δίκαιο Τέχνης και Διαχείριση Τέχνης,,,,Thessaloniki,"{law_sciences,arts}",{english},90,,EUR 3000,{remotely},infoshsse@ihu.edu.gr,no,,https://www.ihu.gr/ucips/postgraduate-programmes/alam,,31 August 2026 / 15 September 2026,,,open,Application deadline for non-Greek applicants is 31 August 2026; for Greek applicants is 15 September 2026 or until places are filled.,,,yes,,ok,skipped,2026-06-26T13:33:53.942470+00:00
1313,MSc in Hospitality and Tourism Management,Διοίκηση Τουριστικών Μονάδων και Φιλοξενία,,,,Thessaloniki,{economics_management},{english},90,,EUR 3900,{remotely},infoshsse@ihu.edu.gr,no,,https://www.ihu.gr/ucips/postgraduate-programmes/htm,,31 August 2026 or 15 September 2026,,,open,Application deadlines are 31 August 2026 for non-Greek applicants and 15 September 2026 for Greek applicants.,,,yes,,ok,skipped,2026-06-26T13:33:55.334727+00:00
1312,"MSc in International Accounting, Auditing and Taxation","Διεθνής Λογιστική, Ελεγκτική και Φορολογία",,,,Thessaloniki,{economics_management},{english},90,,EUR 3900,"{in_person,remotely}",infoshsse@ihu.edu.gr,no,,https://www.ihu.gr/ucips/postgraduate-programmes/iaafm,,31 August 2026 / 15 September 2026,,,open,"Application deadlines for non-Greek applicants are 31 August 2026, and for Greek applicants 15 September 2026.",,,yes,,ok,skipped,2026-06-26T13:33:55.976486+00:00
1191,Digital Media - Computational Intelligence,Ψηφιακά Μέσα - Υπολογιστική Νοημοσύνη,,,,Thessaloniki,"{science_and_engineering,technology}",{english},90,,EUR 1800,{in_person},pms_info@csd.auth.gr,no,,https://dmci.csd.auth.gr/en/,"January 30, 2026",,,,open,"Application for admittance into the Program of Postgraduate Studies on Digital Media – Computational Intelligence until January 30, 2026",,,yes,,ok,skipped,2026-06-26T13:33:57.135724+00:00
1325,"Digital Media, Communication and Journalism","Ψηφιακά μέσα, Επικοινωνία και Δημοσιογραφία",,,,Thessaloniki,"{social_sciences,technology}",{english},90,,EUR 3000,{in_person},info@jour.auth.gr,no,,http://media.jour.auth.gr/,"February 1, 2026","11 September, 2026",Fall 2026,https://media.jour.auth.gr/admissions/application/,open,"The application process starts on February 1, 2026, with evaluation beginning on February 16, 2026, and continues until 11 September 2026. Registrations are scheduled for September 28 - October 2, 2026. Courses for the fall semester start in October 2025, but the actual intake for this program is for Fall 2026.",,,yes,,ok,skipped,2026-06-26T13:34:11.503620+00:00
1492,European Business and Economic Law,Ευρωπαϊκό Δίκαιο Επιχειρήσεων και Οικονομικό Δίκαιο,,,,Thessaloniki,{law_sciences},{english},75,,EUR 3000,{in_person},abondiek@law.auth.gr,no,,https://europeanbusiness.law.auth.gr/,,31st August 2026,,https://europeanbusiness.law.auth.gr/applyonline/,not_mentioned,No specific application open or deadline dates are mentioned on the page.,European Business Law Application Portal,true,yes,,ok,ok,2026-06-26T13:33:59.823093+00:00
1595,LLM in International & European Legal Studies,ΠΜΣ Διεθνείς & Ευρωπαϊκές Νομικές Σπουδές,,,,Athens,{law_sciences},{english},75,,EUR 2200,{in_person},evoutsi@uoa.gr,no,,https://iels.law.uoa.gr/,17.02.2026,22 June 2026,,,open,,,,yes,,ok,skipped,2026-06-26T13:34:02.852261+00:00
1480,LLM in International and European Law,ΠΜΣ στο Διεθνές και Ευρωπαϊκό Δίκαιο,,,,Athens,{law_sciences},{english},75,,EUR 4800,{in_person},llm-inteurl@law.uoa.gr,no,,https://llm-inteurl.law.uoa.gr/,20 November 2025,30 June 2026,2026-2027,https://llm-inteurl.law.uoa.gr,open,"Application period is from 20 November 2025 to 30 June 2026, with results communicated individually after deadline.",,,yes,,ok,skipped,2026-06-26T13:34:09.041944+00:00
1731,Bachelor of Laws (LL.B.),Ξενόγλωσσο Προπτυχιακό Πρόγραμμα Σπουδών Bachelor of Laws (LL.B.),,,,Thessaloniki,{law_sciences},{english},240,,EUR 7000,{in_person},bachelor@law.auth.gr,no,,https://aristotlelaw.edu.gr/,,30.06.2026,,,rolling,Rolling admissions throughout the year,,,yes,,ok,skipped,2026-06-26T13:34:05.437378+00:00
2245,Clean Energy Science and Engineering,Επιστήμη Καθαρής Ενέργειας και Μηχανικής,,,,Thessaloniki,"{agriculture,environmental_sciences,science_and_engineering}",{english},240,,EUR 8000,{in_person},cleanenergy@auth.gr,no,,https://cese.auth.gr/,Applications are open for September 2026,,September 2026,,open,"Applications open for September 2026, no specific deadline mentioned.",,,yes,,ok,skipped,2026-06-26T13:34:13.182789+00:00
1655,Automation Systems,Συστήματα Αυτοματισμού,,,,Athens,"{science_and_engineering,technology}",{english},90,,EUR 500,{in_person},ipsp_as@mail.ntua.gr,no,,https://dpms-as.mech.ntua.gr/en/,,"June 26, 2026",Academic Year 2026-27,,open,"the call for applications is still open and the deadline is extended until June 26, 2026.",,,yes,,ok,skipped,2026-06-26T13:34:14.908852+00:00
1587,Application of Endoscopic Surgical Techniques in Gynecology,Εφαρμογή των Ενδοσκοπικών Χειρουργικών Τεχνικών στην Γυναικολογία,,,,Thessaloniki,{health},{english},75,,EUR 4000,{in_person},alkaragi@auth.gr,no,,https://endoscopicsurgery-auth.gr/,,13-18/01/2026,,"https://endoscopicsurgery-
auth.gr/wp-content/uploads/2025/09/Application-form.pdf",coming_soon,,,,yes,,ok,skipped,2026-06-26T13:34:17.792120+00:00
1555,Cardiovascular Disease,Kαρδιαγγειακή Νόσος,,,,Thessaloniki,{health},{english},90,,EUR 3000,{in_person},msc-cardiovascular@med.auth.gr,no,,https://msccardiovascular.med.auth.gr/en/home-eng/,"June 30, 2026","August 30, 2026",2026-2027,https://msccardiovascular.med.auth.gr/wp-content/uploads/sites/376/2026/06/Application-Form-2026-2027-En.docx,open,"Candidates are invited to submit their supporting documents between June 30 and August 30, 2026 for the academic year 2026-2027.",,,yes,https://msccardiovascular.med.auth.gr/en/2026/06/13/prokiriksi2026-27-en/,ok,skipped,2026-06-26T13:34:35.504834+00:00
1602,"Forensic Medicine, Anthropology and Imaging","Ιατροδικαστική, Ανθρωπολογία και Απεικόνιση",,,,Heraklion,{health},{english},90,,EUR 5500,{in_person},postgradsecr@med.uoc.gr,no,,https://mscs.uoc.gr/forensic-med/,,23rd of June 2026,2026-2027,,open,The application deadline is 23rd of June 2026. The application process for the 2026-2027 academic year is currently open.,,,yes,,ok,skipped,2026-06-26T13:34:29.164605+00:00
1599,Exercise and Exercise-based Cardiac Rehabilitation in Patients with Cardiac Diseases,Άσκηση και Φυσική Αποκατάσταση σε Ασθενείς με Καρδιαγγειακά Νοσήματα,,,,Heraklion,{health},{english},90,,EUR 3000,{remotely},postgradsecr@med.uoc.gr,no,,https://mscs.uoc.gr/cardio/,"May 29, 2026",,2026-2027,https://mscs.uoc.gr/cardio/?attachment_id=447,open,Applications open for the 2026-2027 MSc Programme. No specific deadline mentioned.,custom,false,yes,https://mscs.uoc.gr/cardio/2026/05/29/call-for-applications-for-the-postgraduate-programme-2026-2027-in-exercise-and-exercise-based-cardiac-rehabilitation-in-patients-with-cardiac-diseases-is-now-open/,ok,ok,2026-06-26T13:34:31.125243+00:00
1733,Cutting Edge Technologies in Vision Sciences,Τεχνολογίες Αιχμής στις Επιστήμες της Όρασης,,,,Heraklion,"{health,technology}",{english},120,,EUR 2200-5000,{in_person},cetvs@med.uoc.gr,no,,https://mscs.uoc.gr/cetvis/,"June 6, 2025","June 15, 2026",September/October 2026,https://mscs.uoc.gr/cetvis/wp-content/uploads/2026/04/CALL-FOR-APPLICATIONS_2026-2027_DIAVGEIA.pdf,open,"Application deadline is June 15, 2026. The application open date is June 6, 2025. The program starts in September/October 2026. Applications are currently open as of the dates found.",,,yes,,ok,skipped,2026-06-26T13:34:40.113010+00:00
1722,Medical Degree by the National and Kapodistrian University,Medical Degree by the National and Kapodistrian University,,,,Athens,{health},{english},360,,EUR 17000,{in_person},medicen@uoa.gr,no,,https://medicen.uoa.gr/,2026-05-06,,,https://cloud-solutions.anova.gr/MEDICEN/,not_mentioned,"The application open date is May 6, 2026. No specific application deadline or intake semester is mentioned.",,false,yes,,ok,ok,2026-06-26T13:34:35.811138+00:00
1513,MSc in Human Reproduction,Ανθρώπινη Αναπαραγωγή,,,,Thessaloniki,{health},{english},75,,EUR 5000,{in_person},info-humrepro@auth.gr,no,,https://humrepro.med.auth.gr/,,10th July 2026,,,open,,,,yes,,ok,skipped,2026-06-26T13:34:38.279904+00:00
1720,International Program in Medicine,International Program in Medicine,,,,Heraklion,{health},{english},360,,EUR 15000,{in_person},international.program@med.uoc.gr,no,,https://imed.med.uoc.gr/,"March 28, 2026",,2026-27,https://cloud-services.anova.gr/IPM_UOC/,closed,Regular application period for the academic year 2026-27 is closed; decisions will be mailed by the end of April.,,,yes,,ok,ok,2026-06-26T13:34:46.942013+00:00
1479,MSc in Biomedical Engineering,Βοϊατρική Μηχανική,,,,Heraklion,"{health,science_and_engineering}",{english},90,,EUR 1500-3000,{in_person},biomedical@med.uoc.gr,no,,https://mscs.uoc.gr/bme-crete/,"April 6, 2026","May 31, 2026",2026-2027,https://postgrad.cict.uoc.gr/masters?lang=en_US,open,,,,yes,https://mscs.uoc.gr/bme-crete/call-for-applications-msc-in-biomedical-engineering-2026-2027/,ok,skipped,2026-06-26T13:34:59.265411+00:00
1328,Brain & Mind,Εγκέφαλος & Νους,,,,Heraklion,"{science_and_engineering,health}",{english},120,,Free,{in_person},bmsecr@med.uoc.gr,no,,https://brain-mind.med.uoc.gr/,,,2026 - 2027,,coming_soon,Applications currently open for Academic Year 2026 - 2027,,,no,,ok,skipped,2026-06-26T13:35:13.893671+00:00
2229,Cardionephrometabolic Diseases: the link between Evidence-based Medicine and Precision Medicine,Καρδιονεφρομεταβολικά Νοσήματα : η σύνδεση της Τεκμηριωμένης Ιατρικής με την Ιατρική Ακριβείας,,,,Thessaloniki,{health},"{greek,english}",90,,Free,"{in_person,remotely}",carmmedi.auth@gmail.com,no,,https://carmmedi.med.auth.gr/,8 Ιουνίου 2026,28 Σεπτεμβρίου 2026,2026-2027,https://carmmedi.med.auth.gr/aitisi-gia-metaptychiako/,open,Υποβολή αιτήσεων έως 28 Σεπτεμβρίου 2026. Οι εγγραφές ανοίξαναν στις 8 Ιουνίου 2026.,,,yes,,ok,skipped,2026-06-26T13:34:53.248103+00:00
1340,Molecular Basis of Human Diseases,Μοριακή Βάση των Νοσημάτων του Ανθρώπου,,,,Heraklion,{health},{english},120,,EUR 2000-4000,{in_person},adamakim@uoc.gr,no,,https://mscs.uoc.gr/mbhd/,"April 1, 2026","June 1, 2026",Fall 2026,http://mscs.uoc.gr/mbhd,open,"Recommendation letters are due by June 4, 2026. Interviews scheduled for June 9 & 10, 2026. Final list announcement by July 17, 2026. Registration in September-October 2026.",,,yes,,ok,skipped,2026-06-26T13:35:05.771343+00:00
1553,Medical Engineering and Informatics,Ιατρική Μηχανική και Πληροφορική,,,,Thessaloniki,"{health,science_and_engineering}",{english},75,,EUR 2000,{in_person},msc-mei@med.auth.gr,no,,https://mei.med.auth.gr/en/archiki-eng/,29 May 2026,,Fall 2026,https://mei.med.auth.gr/wp-content/uploads/sites/375/2026/05/2026_aitisi_ypopsifiotitas_ΜΕΙ.docx,open,Applications start on 29 May 2026 and can only be submitted electronically.,,,yes,,ok,error,2026-06-26T13:35:08.458101+00:00
1512,Health Statistics and Data Analytics,Στατιστική και Αναλυτική Βιοϊατρικών Δεδομένων,,,,Thessaloniki,"{health,science_and_engineering}",{english},90,,EUR 4000,{in_person},info-hsda@auth.gr,no,,https://hsda.med.auth.gr/,2 May 2026,2 September 2026,Academic Year 2026-27,,open,,,,yes,https://hsda.med.auth.gr/application-deadline-extension-29-8-2022/,ok,skipped,2026-06-26T13:35:12.536129+00:00
1721,Medical Degree by Aristotle University of Thessaloniki,Medical Degree by Aristotle University of Thessaloniki,,,,Thessaloniki,{health},{english},360,,EUR 12000,{in_person},ausom@med.auth.gr,no,,https://aristotlemedical.edu.gr/,,,,https://apply.aristotlemedical.edu.gr/user/register,not_mentioned,No specific application open date or deadline mentioned; the apply button link is provided without associated dates.,,,no,,ok,ok,2026-06-26T13:35:18.400556+00:00
1122,MSc in Nanomedicine,Νανοϊατρική,,,,Athens,{health},{english},75,,EUR 2000,{remotely},nanomed@med.uoa.gr,no,,https://nanomed.med.uoa.gr/,June 1st,July 20th 2025,2026-2027,https://nanomed.med.uoa.gr/,closed,"Application period was from June 1st until July 20th 2025, which is in the past relative to the current date June 2026.",custom,false,yes,,ok,ok,2026-06-26T13:35:20.684102+00:00
1142,"MSc in Molecular Biomedicine: Mechanisms of Disease, Molecular and Cellular Therapies, and Bioinnovation","Μοριακή Βιοϊατρική Μηχανισμοί Ασθενειών, Μοριακές και Κυτταρικές Θεραπείες & Βιοκαινοτομία",,,,Athens,"{science_and_engineering,health}",{english},120,,EUR 4000,{in_person},molecularbiomedicine@fleming.gr,no,,http://www.molecularbiomedicine.gr/,,30 JUNE 2026,,,open,Applications' period: 02 - 30 JUNE 2026,,,yes,,ok,skipped,2026-06-26T13:35:22.030436+00:00
985,Medical Research Methodology,Ιατρική Ερευνητική Μεθοδολογία,,,,Thessaloniki,"{health,humanities}",{english},75,,EUR 5000,"{in_person,remotely}",info-mrm@auth.gr,no,,https://mrm.med.auth.gr/,,,,,not_mentioned,,,,no,,ok,skipped,2026-06-26T13:35:23.134677+00:00
1336,Vaccines and Prevention of Infectious Diseases,Εμβόλια και Πρόληψη Λοιμώξεων,,,,Heraklion,{health},{english},90,,EUR 1500,{in_person},postgradsecr@med.uoc.gr,no,,https://med.uoc.gr/en/postgraduate-master-programs-vaccines-and-prevention-website/,"March 6, 2025",2025-10-27,,,open,"The application open date is March 6, 2025, and the deadline is October 27, 2025.",,,yes,,ok,skipped,2026-06-26T13:35:49.953966+00:00
1519,Neurosciences,Νευροεπιστήμες,,,,Heraklion,{health},{english},120,,EUR 1000,{in_person},postgradsecr@med.uoc.gr,no,,https://www.neurosciences.med.uoc.gr/index.php/en,,,,,not_mentioned,,,,no,,ok,skipped,2026-06-26T13:36:04.957125+00:00
1650,Sustainable Technologies of Energy Resources and Raw Materials,Βιώσιμες Τεχνολογίες Ενεργειακών Πόρων και Πρώτων Υλών,,,,Chania,"{science_and_engineering,technology}",{english},90,,EUR 500-1500,{in_person},infosustainabletech@tuc.gr,no,,https://www.mred.tuc.gr/el/spoydes/metaptychiakes-spoydes/biosimes-technologies-energeiakon-poron-kai-proton-ylon,,"June 30, 2026",,,open,"Admission until June 30, 2026",,,yes,,ok,skipped,2026-06-26T13:35:30.901815+00:00
2213,Responsible Consumption and Production under Sustainable Mining,Υπεύθυνη Κατανάλωση και Παραγωγή στη Βιώσιμη Μεταλλευτική,,,,Chania,"{technology,science_and_engineering}","{greek,english}",120,,EUR 500-1500,"{in_person,remotely}",rcpmsc@tuc.gr,no,,https://www.rcp.tuc.gr/en/home,06/04/2026,,,,not_mentioned,,,,yes,,ok,skipped,2026-06-26T13:35:35.466163+00:00
1659,Ship and Marine Technology,Ναυτική και Θαλάσσια Τεχνολογία,,,,Athens,"{technology,science_and_engineering}",{english},90,,EUR 1500,{in_person},secrmet@mail.ntua.gr,no,,http://www.naval.ntua.gr/smt/,,,,,not_mentioned,No application or deadline dates found on the page.,,,no,,ok,skipped,2026-06-26T13:38:55.945240+00:00
1729,Sport and Exercise Sciences for Health and Performance,Επιστήμες του Αθλητισμού και Άσκησης για την Υγεία και την Απόδοση,,,,Thessaloniki,{sports},{english},240,,EUR 6000,{in_person},sportsciences@auth.gr,no,,https://sportsciences.auth.gr/index.html,,,,https://2g743e.share-eu1.hsforms.com/2oaNFRihgSGiUbj1uGopx5A,not_mentioned,,,,no,,ok,ok,2026-06-26T13:35:52.714350+00:00
2244,Environmental Sciences and Engineering,Περιβαλλοντικές Επιστήμες και Μηχανική,,,,Thessaloniki,"{science_and_engineering,agriculture,environmental_sciences}",{english},300,,EUR 6000,{in_person},envsen@auth.gr,no,,https://envsen.auth.gr/,2026 entry,30 September,Fall 2026,https://2g8n37.share-eu1.hsforms.com/27R3wMmE8QHSUIqk3vhj_0w,open,Cycle closes 30 September; applications are reviewed in the order received; up to three full-tuition scholarships awarded each cohort.,,,yes,,ok,error,2026-06-26T13:35:56.125780+00:00
10,International Studies – Specialization in European Studies,Κοινό Αγγλόφωνο Μεταπτυχιακό Πρόγραμμα «Ευρωπαϊκές Σπουδές»,,,,Thessaloniki,{politics},{english},120,,EUR 3000,{in_person},msc-european_studies@polsci.auth.gr,no,,https://ma-europeanstudies.polsci.auth.gr/,"June 8, 2026","June 26, 2026",Academic Year 2026-27,https://ma-europeanstudies.polsci.auth.gr/en/second-call-of-applications-academic-year-2026-27-2/,open,"The application period for the second call for applications for the academic year 2026-27 is from June 8 to June 26, 2026. The program is a double degree Master's in European Studies, and the application process involves submitting documents and possibly taking an exam or interview. The deadline and opening date are explicitly mentioned on the page.",,,yes,,ok,skipped,2026-06-26T13:36:01.840541+00:00
23,Geoinformatics,Γεωπληροφορική,,,,Athens,"{technology,science_and_engineering}",{english},90,,EUR 0-1500,{in_person},geoinfo@survey.ntua.gr,no,,http://geoinformatics.ntua.gr/,,"Monday, March 23, 2026; Friday, June 26, 2026",October 2026,https://apply.studyingreece.edu.gr/en/programmes/msc/23/details/geoinformatics,open,Results for international applicants will be announced in early April 2026; results for Greek applicants by the end of September 2026.,,,yes,,ok,skipped,2026-06-26T13:36:18.306561+00:00
24,MSc in Environment and Development,ΔΠΜΣ - Περιβάλλον και Ανάπτυξη,,,,Athens,"{environmental_sciences,science_and_engineering}","{greek,english}",90,,EUR 0-1500,{in_person},envdev@mail.ntua.gr,no,,http://environ.survey.ntua.gr/,Οκτώβριος κάθε έτους,,October 2026,,not_mentioned,,,,yes,,ok,skipped,2026-06-26T13:36:42.349844+00:00
1299,MSc in Mobile and Web Computing: Internet of Things Applications,Κινητή και Διαδικτυακή Υπολογιστική,,,,Thessaloniki,{technology},{english},90,,EUR 2900,"{in_person,remotely}",infotech@ihu.edu.gr,no,,https://st.ihu.gr/studies/postgraduate/mobile,,26 August 2026,October 2026,https://apply.ihu.edu.gr/,open,The application deadline is 26 August 2026; start date is October 2026; the program is accepting applications for intake.,,,yes,,ok,skipped,2026-06-26T13:36:23.190223+00:00
1302,MSc in Cybersecurity,Κυβερνοασφάλεια,,,,Thessaloniki,{technology},{english},90,,EUR 2900,"{in_person,remotely}",infotech@ihu.edu.gr,no,,https://st.ihu.gr/studies/postgraduate/cybersecurity,,26 August 2026,October 2026,https://apply.ihu.edu.gr/,open,,,,yes,,ok,skipped,2026-06-26T13:36:27.942257+00:00
1298,MSc in e-Business and Digital Marketing,Ηλεκτρονικό Επιχειρείν και Ψηφιακό Μάρκετινγκ,,,,Thessaloniki,{technology},{english},90,,EUR 3700,"{in_person,remotely}",infotech@ihu.edu.gr,no,,https://www.ihu.gr/ucips/postgraduate-programmes/ebusiness,,,,,not_mentioned,,,,no,,ok,skipped,2026-06-26T13:36:56.047724+00:00
1304,MSc in Energy and Finance,Ενέργεια και Χρηματοοικονομική,,,,Thessaloniki,{technology},{english},90,,EUR 3000,"{in_person,remotely}",infotech@ihu.edu.gr,no,,https://www.ihu.gr/ucips/postgraduate-programmes/enfin,,30 June 2026,,,open,Application deadline: 30 June 2026,,,yes,,ok,skipped,2026-06-26T13:36:46.117667+00:00
1303,MSc in Energy Systems,Ενεργειακά Συστήματα,,,,Thessaloniki,{technology},{english},90,,EUR 2600,"{in_person,remotely}",infotech@ihu.edu.gr,no,,https://st.ihu.gr/studies/postgraduate/ebusiness,26 August 2026,26 August 2026,October 2026,https://apply.ihu.edu.gr/,open,,,,yes,,ok,skipped,2026-06-26T13:36:53.381911+00:00
1307,MSc in Strategic Product Design,Στρατηγικός Σχεδιασμός Προϊόντων,,,,Thessaloniki,{technology},{english},90,,EUR 4000,"{in_person,remotely}",infotech@ihu.edu.gr,no,,https://www.ihu.gr/ucips/postgraduate-programmes/spd,,30 June 2026,,,open,,,,yes,,ok,skipped,2026-06-26T13:37:02.394530+00:00
1565,MSc in Humanitarian Logistics and Crisis Management,Ανθρωπιστική Διοικητική Μέριμνα και Διαχείριση Κρίσεων,,,,Thessaloniki,"{humanities,social_sciences}",{english},90,,EUR 3200,"{in_person,remotely}",infohlcm@ihu.edu.gr,no,,https://www.ihu.gr/ucips/postgraduate-programmes/hlcm,,"January 14, 2026",,,open,Final Call for applications for 2025-2026 deadline.,,,yes,,ok,skipped,2026-06-26T13:36:59.740467+00:00
1308,MSc in Smart Cities and Communities,Έξυπνες Πόλεις και Κοινότητες,,,,Thessaloniki,{technology},{english},120,,EUR 8000-16000,{in_person},infotech@ihu.edu.gr,no,,https://www.smaccs.eu/,"30th April 2026 for students who need a VISA, 8th June 2026 for students who do not need a VISA","30th April 2026 for students who need a VISA, 8th June 2026 for students who do not need a VISA",September 2026,https://www.smaccs.eu/practical/application/,closed,Scholarship applications for Edition 3 of the SMACCs for studies starting in September 2026 have been closed. Self-funded students may still apply.,,,yes,,ok,skipped,2026-06-26T13:37:07.103871+00:00
1306,MSc in Environmental Management and Sustainability,Περιβαλλοντική Διαχείριση και Βιωσιμότητα,,,,Thessaloniki,{technology},{english},90,,EUR 3000,"{in_person,remotely}",infotech@ihu.edu.gr,no,,https://www.ihu.gr/ucips/postgraduate-programmes/ems,,30 June 2026,,,open,"Application deadline: 30 June 2026, or until places are filled.",,,yes,,ok,skipped,2026-06-26T13:37:05.472659+00:00
1478,Data Science and Machine Learning,Επιστήμη των Δεδομένων και Μηχανική Μάθηση,,,,Patra,"{science_and_engineering,technology}",{english},120,,EUR 3000,{remotely},dama@eap.gr,no,,https://www.eap.gr/en/data-science-and-machine-learning/,1 April 2026,"30 June 2026, until 11:59 a.m.",2026-2027,https://dev.eap.gr/student-candidate/public#/,open,Applications are open from 1 April to 30 June 2026 for the academic year 2026-2027.,,,yes,https://www.eap.gr/en/tag/invitation-en/,ok,skipped,2026-06-26T13:37:07.535808+00:00
1305,MSc in Energy Building Design,Ενεργειακός Σχεδιασμός Κτιρίων,,,,Thessaloniki,{technology},{english},90,,EUR 2600,"{in_person,remotely}",infotech@ihu.edu.gr,no,,https://www.ihu.gr/ucips/postgraduate-programmes/enbuildes,,30 June 2026,,,open,"Application deadline: 30 June 2026, or until places are filled",,,yes,,ok,skipped,2026-06-26T13:37:09.868200+00:00
1654,Precision Medicine and Novel Therapies (PRETH),Ιατρική Ακριβείας και Νέες Θεραπείες,,,,Patra,"{health,technology}",{english},120,,EUR 4700-4850,"{in_person,remotely}",preth@eap.gr,no,,https://www.eap.gr/en/preth/,1 April 2026,"30 June 2026, until 11:59 a.m.",2026-2027,https://dev.eap.gr/student-candidate/public#/,open,Applications are open from 1 April to 30 June 2026 for the academic year 2026-2027.,,,yes,https://www.eap.gr/en/tag/invitation-en/,ok,skipped,2026-06-26T13:37:09.191261+00:00
1293,MSc in Data Science,Επιστήμη Δεδομένων,,,,Thessaloniki,{technology},{english},90,,EUR 3700,"{in_person,remotely}",infotech@ihu.edu.gr,no,,https://st.ihu.gr/studies/postgraduate/datascience#tab-23b7b6c3502953ec1de,,26 August 2026,October 2026,https://apply.ihu.edu.gr/,open,The application deadline is 26 August 2026.,,,yes,,ok,skipped,2026-06-26T13:37:12.682677+00:00
1294,MSc in Information and Communication Technology Systems,Συστήματα Τεχνολογιών Πληροφορικής και Τηλεπικοινωνιών,,,,Thessaloniki,{technology},{english},90,,EUR 2900,"{in_person,remotely}",infotech@ihu.edu.gr,no,,https://st.ihu.gr/studies/postgraduate/ict,,26 August 2026,October 2026,https://apply.ihu.edu.gr/,open,The application deadline is 26 August 2026.,,,yes,,ok,skipped,2026-06-26T13:37:14.578794+00:00
1444,MSc in Enterprise Risk Management (ERM),Διαχείριση Επιχειρηματικού Κινδύνου,,,,Patra,"{economics_management,humanities}",{english},120,,EUR 6000,{remotely},admissions@ouc.ac.cy,no,,https://www.eap.gr/en/msc-in-enterprise-risk-managment/,1 April 2026,"30 June 2026, until 11:59 a.m.",2026-2027,https://dev.eap.gr/student-candidate/public#/,open,Applications are open from 1 April to 30 June 2026 for the academic year 2026-2027.,,,yes,https://www.eap.gr/en/tag/invitation-en/,ok,skipped,2026-06-26T13:37:14.673832+00:00
1446,Supply Chain Management,Διοίκηση Εφοδιαστικής Αλυσίδας,,,,Patra,"{economics_management,social_sciences}",{english},120,,EUR 4000,{remotely},dea@eap.gr,no,,https://www.eap.gr/en/supply-chain-management/,1 April 2026,"30 June 2026, until 11:59 a.m.",2026-2027,https://dev.eap.gr/student-candidate/public#/,open,Applications are open from 1 April to 30 June 2026 for the academic year 2026-2027.,,,yes,https://www.eap.gr/en/tag/invitation-en/,ok,skipped,2026-06-26T13:37:15.640728+00:00
1439,Master in Business Administration (MBA),Διοίκηση Επιχειρήσεων (MBA),,,,Patra,{economics_management},{english},120,,EUR 3750,{remotely},mba@eap.gr,no,,https://www.eap.gr/en/master-in-business-administration/,1 April 2026,"30 June 2026, until 11:59 a.m.",2026-2027,https://dev.eap.gr/student-candidate/public#/,open,Applications are open from 1 April to 30 June 2026 for the academic year 2026-2027.,,,yes,https://www.eap.gr/en/tag/invitation-en/,ok,skipped,2026-06-26T13:37:16.567413+00:00
1590,MSc in Innovation Management and Entrepreneurship,Διοίκηση Καινοτομίας και Επιχειρηματικότητα,,,,Patra,"{economics_management,social_sciences}",{english},90,,EUR 3150,{remotely},ime@eap.gr,no,,https://www.eap.gr/en/msc-in-innovation-management-and-entrepreneurship/,1 April 2026,"30 June 2026, until 11:59 a.m.",2026-2027,https://dev.eap.gr/student-candidate/public#/,open,Applications are open from 1 April to 30 June 2026 for the academic year 2026-2027.,,,yes,https://www.eap.gr/en/tag/invitation-en/,ok,skipped,2026-06-26T13:37:16.570258+00:00
1343,Sustainable Agriculture,Sustainable Agriculture,,,,Chania,"{agriculture,environmental_sciences}",{english},120,,Free,{in_person},eleni@maich.gr,no,,https://www.iamc.ciheam.org/education/master_of_science_programmes/sag,January 14th 2026,June 30th 2026,Academic Year 2026-27,https://apply.maich.gr,open,Online applications for the academic year 2026-2027 will be open from January 14th 2026 to June 30th 2026.,custom,true,yes,,ok,ok,2026-06-26T13:37:19.209272+00:00
